timestamp,instance,cpu,mem,net_in,net_out
2026-02-25T22:26:47.468868,172.18.0.3:9100,1.369999999999834,23.745307764062172,5029.891202047962,2948.913902797124
2026-02-25T22:26:47.468868,172.18.0.4:9100,1.4597080583882729,23.746510740828175,1185604.652913718,1184859.9984942027
2026-02-25T22:26:47.468868,172.18.0.2:9100,1.3400000000000887,23.746059624540926,1186300.191996386,1184881.1504724615
2026-02-25T22:26:47.468868,172.18.0.6:9100,1.3002600520103442,23.749016942424028,15910.059483472629,14409.45711919283
2026-02-25T22:26:47.468868,172.18.0.5:9100,1.300000000000125,23.746059624540926,4374.731769754922,2882.844558220081
2026-02-25T22:26:52.464315,172.18.0.3:9100,1.420000000000016,23.774279454510182,3623.009449233897,2933.6671309716526
2026-02-25T22:26:52.464315,172.18.0.4:9100,1.3502700540108634,23.791121129234295,1186566.82478729,1184970.03237708
2026-02-25T22:26:52.464315,172.18.0.2:9100,1.4099999999999824,23.7908705090747,1180281.1429431916,1179947.4456951397
2026-02-25T22:26:52.464315,172.18.0.6:9100,1.3797240551890866,23.771221888563254,15779.806497760044,15169.74739299025
2026-02-25T22:26:52.464315,172.18.0.5:9100,1.4099999999998403,23.7908705090747,3607.4238602567484,2921.2814817603435
2026-02-25T22:26:57.462764,172.18.0.3:9100,1.8200000000001637,24.271008610807442,5326.333053322132,3115.884635385415
2026-02-25T22:26:57.462764,172.18.0.4:9100,1.3197360527894375,23.81828835453329,1253893.2,1253679.12
2026-02-25T22:26:57.462764,172.18.0.2:9100,1.8300000000000978,24.26669794406259,1255233.24,1253723.1200000003
2026-02-25T22:26:57.462764,172.18.0.6:9100,1.8199999999998795,24.266547571966836,18847.96,16836.32
2026-02-25T22:26:57.462764,172.18.0.5:9100,1.870000000000104,24.266647820030663,4982.36,3095.2400000000002
2026-02-25T22:27:02.458921,172.18.0.3:9100,1.8200000000001637,24.271008610807442,4105.328987074354,2713.842827766389
2026-02-25T22:27:02.458921,172.18.0.4:9100,2.0904180836167257,24.47270771524136,1260798.9119564781,1259099.483979359
2026-02-25T22:27:02.458921,172.18.0.2:9100,25.151975683890555,24.478371730847982,1184521.2189616254,1184181.0759969903
2026-02-25T22:27:02.458921,172.18.0.6:9100,25.243161094225016,24.462983653049474,17528.705793829948,16537.246049661397
2026-02-25T22:27:02.458921,172.18.0.5:9100,25.151975683890612,24.478371730847982,3591.2716328066213,2902.407825432656
2026-02-25T22:27:07.468926,172.18.0.3:9100,25.235562310030318,24.482782645656677,4351.992585727526,2901.4365152919368
2026-02-25T22:27:07.468926,172.18.0.4:9100,25.015197568388984,24.47551466102872,1184339.6914973666,1184138.2618510155
2026-02-25T22:27:07.468926,172.18.0.2:9100,1.299999999999784,24.4840357464546,1180662.001504891,1179238.5252069226
2026-02-25T22:27:07.468926,172.18.0.6:9100,1.1902380476094976,24.48709331240154,19462.696113473045,17212.235223296586
2026-02-25T22:27:07.468926,172.18.0.5:9100,1.3199999999997658,24.4840357464546,4671.482317531979,2891.723100075244
2026-02-25T22:27:12.467557,172.18.0.3:9100,1.3497300539892478,24.495113157508253,3756.035401510588,2838.0519901765438
2026-02-25T22:27:12.467557,172.18.0.4:9100,1.6099999999999568,24.03201722662729,1180913.8793784566,1179336.242898529
2026-02-25T22:27:12.467557,172.18.0.2:9100,1.7400000000002365,24.0500618781174,1179575.884123401,1179251.9187358916
2026-02-25T22:27:12.467557,172.18.0.6:9100,1.7796440711856434,24.056377506138936,19205.82370866408,17863.925360219706
2026-02-25T22:27:12.467557,172.18.0.5:9100,1.7203440688137874,24.0500618781174,3571.8048083073104,2894.35268445013
2026-02-25T22:27:17.463044,172.18.0.3:9100,1.5703140628125993,24.093118421534086,3775.3475440222433,2855.6997219647824
2026-02-25T22:27:17.463044,172.18.0.4:9100,1.310000000000457,24.079935801139918,1179391.4973664407,1179214.5974416856
2026-02-25T22:27:17.463044,172.18.0.2:9100,1.259999999999991,24.04745542845772,1185607.1858540257,1184197.780285929
2026-02-25T22:27:17.463044,172.18.0.6:9100,1.2000000000004007,24.053771056479256,20204.28893905192,17775.846501128668
2026-02-25T22:27:17.463044,172.18.0.5:9100,1.1999999999999176,24.04745542845772,4335.038940516949,2853.229993603973
2026-02-25T22:27:22.461588,172.18.0.3:9100,1.2200000000001552,24.073920917309888,3778.0815569972196,2859.1288229842444
2026-02-25T22:27:22.461588,172.18.0.4:9100,2.1599999999993997,24.545437685552894,1185836.1112156215,1184266.413333835
2026-02-25T22:27:22.461588,172.18.0.2:9100,2.120000000000232,24.554861003553295,1179579.307750188,1179248.1941309257
2026-02-25T22:27:22.461588,172.18.0.6:9100,2.1404280856166054,24.55466050742563,19675.269949960497,17891.305165732345
2026-02-25T22:27:22.461588,172.18.0.5:9100,2.12957408518308,24.554760755489458,3253.79984951091,2858.276899924755
2026-02-25T22:27:27.464968,172.18.0.3:9100,2.189999999999486,24.585236166894987,3535.401706666667,2674.4961599999997
2026-02-25T22:27:27.464968,172.18.0.4:9100,1.2900000000003047,24.593055515874028,1179347.4040632055,1179173.0624529722
2026-02-25T22:27:27.464968,172.18.0.2:9100,1.2599999999997777,24.586589515756742,1255252.28,1253743.9200000002
2026-02-25T22:27:27.464968,172.18.0.6:9100,2.1404280856166054,24.55466050742563,21638.83194159708,19030.401520076004
2026-02-25T22:27:27.464968,172.18.0.5:9100,1.330266053210778,24.586589515756742,4609.14436577463,3032.0412816512658
2026-02-25T22:27:32.457242,172.18.0.3:9100,1.4697060587887592,24.584434182384307,4791.008359665614,3068.077276908924
2026-02-25T22:27:32.457242,172.18.0.4:9100,1.6099999999997863,24.55511162371288,1255465.2000000002,1253790.0
2026-02-25T22:27:32.457242,172.18.0.2:9100,1.2599999999997777,24.586589515756742,1255252.28,1253743.9200000002
2026-02-25T22:27:32.457242,172.18.0.6:9100,1.4000000000003183,24.586188523501406,22956.91827673107,19660.90643625745
2026-02-25T22:27:32.457242,172.18.0.5:9100,1.330266053210778,24.586589515756742,4609.14436577463,3032.0412816512658
2026-02-25T22:27:37.469187,172.18.0.3:9100,1.669999999999959,24.093118421534086,3316.16,3071.64
2026-02-25T22:27:37.469187,172.18.0.4:9100,25.57136370516126,24.071815707969368,1183090.65283572,1182911.1136167175
2026-02-25T22:27:37.469187,172.18.0.2:9100,1.8099999999998175,24.553758274851123,1101953.91425,1100892.5091666665
2026-02-25T22:27:37.469187,172.18.0.6:9100,1.5999999999996959,24.550600460840354,20081.034033159995,17512.44923392003
2026-02-25T22:27:37.469187,172.18.0.5:9100,1.7499999999998863,24.550700708904184,3532.0697766666663,2659.733493333333
2026-02-25T22:27:42.461421,172.18.0.3:9100,25.420136260408597,24.067304545096846,4496.391791325264,2886.7172818161316
2026-02-25T22:27:42.461421,172.18.0.4:9100,1.5203040608122222,24.06665293268192,1179634.8567992183,1178086.2211531233
2026-02-25T22:27:42.461421,172.18.0.2:9100,25.52225249772944,24.070763103299107,1158956.9101175598,1158103.3972044804
2026-02-25T22:27:42.461421,172.18.0.6:9100,25.556228242772832,24.067555165256426,21069.749143756366,18375.86781449597
2026-02-25T22:27:42.461421,172.18.0.5:9100,25.537390251286723,24.07066285523528,3745.2096639822275,2816.3010274923636
2026-02-25T22:27:47.464915,172.18.0.3:9100,1.6899999999999409,24.077529847607902,3127.640381868752,2886.980380365331
2026-02-25T22:27:47.464915,172.18.0.4:9100,1.579684063187429,24.07372042118222,1178175.179464051,1177980.6066072837
2026-02-25T22:27:47.464915,172.18.0.2:9100,1.5603120624124074,24.08219138257619,1165107.2436935895,1164248.3221476509
2026-02-25T22:27:47.464915,172.18.0.6:9100,1.6200000000000045,24.066703056713834,20400.009256259542,18240.940435969824
2026-02-25T22:27:47.464915,172.18.0.5:9100,1.5799999999999415,24.067053924937255,3739.2270307799117,2819.532515621384
2026-02-25T22:27:52.464919,172.18.0.3:9100,1.269999999999854,24.06700380090534,4387.468991956702,2911.0726903705936
2026-02-25T22:27:52.464919,172.18.0.4:9100,1.3002600520104437,24.083043491118772,1184600.8043298505,1183016.7631361347
2026-02-25T22:27:52.464919,172.18.0.2:9100,1.4099999999999824,24.06725442106492,1165129.5533441333,1164253.0432770192
2026-02-25T22:27:52.464919,172.18.0.6:9100,1.2500000000001137,24.067104048969178,19449.669088721246,17517.517471189894
2026-02-25T22:27:52.464919,172.18.0.5:9100,1.3197360527895086,24.06725442106492,3770.8150136529825,2829.9625121488407
2026-02-25T22:27:57.468309,172.18.0.3:9100,1.940000000000282,24.612152772034403,3152.2646119150536,2909.716218755873
2026-02-25T22:27:57.468309,172.18.0.4:9100,1.3002600520104437,24.083043491118772,1165012.3113949827,1164141.4884754238
2026-02-25T22:27:57.468309,172.18.0.2:9100,1.8696260747850744,24.622027206322038,1158978.4319170602,1158100.388780894
2026-02-25T22:27:57.468309,172.18.0.6:9100,2.040408081616704,24.618668896183603,19609.691752291033,17724.567249838008
2026-02-25T22:27:57.468309,172.18.0.5:9100,1.949999999999946,24.61886939231127,3805.98879992595,2853.4734113944555
2026-02-25T22:28:02.463519,172.18.0.3:9100,1.42999999999995,24.383286442301475,4389.8891185867315,2916.744972749483
2026-02-25T22:28:02.463519,172.18.0.4:9100,1.9599999999998232,24.582980585458714,1252117.5058752939,1251164.9582479123
2026-02-25T22:28:02.463519,172.18.0.2:9100,1.4600000000000222,24.393110752557202,1088378.3641266667,1087806.58688
2026-02-25T22:28:02.463519,172.18.0.6:9100,1.4597080583880455,24.377121186375682,20388.469199834635,17940.76746720788
2026-02-25T22:28:02.463519,172.18.0.5:9100,1.540308061612393,24.377722674758694,3539.358566666667,2661.2065066666664
2026-02-25T22:28:07.461415,172.18.0.3:9100,1.509999999999991,24.429601047792758,3359.32,3097.08
2026-02-25T22:28:07.461415,172.18.0.4:9100,1.4299999999999358,24.391005543216693,1255488.139525581,1253801.7120684825
2026-02-25T22:28:07.461415,172.18.0.2:9100,1.5003000600122078,24.39341149674871,1259425.737029481,1259054.0421616866
2026-02-25T22:28:07.461415,172.18.0.6:9100,1.4502900580115181,24.411907264526068,20552.622104884194,19109.644385775428
2026-02-25T22:28:07.461415,172.18.0.5:9100,1.4097180563888259,24.40884969857914,3517.979280828767,3076.5969361225552
2026-02-25T22:28:12.462526,172.18.0.3:9100,25.31837477258955,23.976078807007937,4366.784478869003,2914.3104226199425
2026-02-25T22:28:12.462526,172.18.0.4:9100,1.5599999999999454,23.96455027966704,1115560.6644950998,1114519.4117203776
2026-02-25T22:28:12.462526,172.18.0.2:9100,25.310794420861143,23.967256977390548,1184888.9306662655,1183467.213114754
2026-02-25T22:28:12.462526,172.18.0.6:9100,25.295633717404343,23.96254531839036,20380.4850535815,17967.851099830794
2026-02-25T22:28:12.462526,172.18.0.5:9100,25.310794420861143,23.96419941144362,4413.467684325299,2896.341692672106
2026-02-25T22:28:17.467614,172.18.0.3:9100,1.5000000000000142,23.967006357230968,3312.077004060761,2930.8918634381107
2026-02-25T22:28:17.467614,172.18.0.4:9100,25.227410551849786,23.932320527144423,1159588.1644749027,1158715.2250416742
2026-02-25T22:28:17.467614,172.18.0.2:9100,1.3799999999996544,23.938034666782958,1178855.7677846292,1178530.4181079862
2026-02-25T22:28:17.467614,172.18.0.6:9100,1.4300000000001774,23.937884294687205,19247.038917089678,17944.46324497086
2026-02-25T22:28:17.467614,172.18.0.5:9100,1.4102820564112335,23.93793441871912,3296.2210941906374,2896.296296296296
2026-02-25T22:28:22.467873,172.18.0.3:9100,1.1400000000001,23.971667892199243,4393.104226199428,2925.6279139720255
2026-02-25T22:28:22.467873,172.18.0.4:9100,1.3997200559886807,23.991015768519198,1165609.714312173,1164743.5754965967
2026-02-25T22:28:22.467873,172.18.0.2:9100,1.3897220555890186,23.990715024327702,1184888.9682659046,1183479.6585952775
2026-02-25T22:28:22.467873,172.18.0.6:9100,1.3397320535894437,23.9877577064446,20184.870474113617,17764.371921645296
2026-02-25T22:28:22.467873,172.18.0.5:9100,1.359728054389052,23.98459989243382,4345.427883892315,2870.0180478267407
2026-02-25T22:28:27.463387,172.18.0.3:9100,1.509999999999863,23.9836475358274,3331.5536170852756,2937.2462024364568
2026-02-25T22:28:27.463387,172.18.0.4:9100,1.3202640528104723,23.980990962135806,1165636.83089461,1164778.3385812186
2026-02-25T22:28:27.463387,172.18.0.2:9100,1.3400000000000176,23.987055969997762,1183808.95623402,1183478.1170100765
2026-02-25T22:28:27.463387,172.18.0.6:9100,1.3699999999997772,23.99317110189163,19160.663257632725,17822.60490299293
2026-02-25T22:28:27.463387,172.18.0.5:9100,1.3700000000000045,23.986955721933924,3267.3609805617175,2875.173891792307
2026-02-25T22:28:32.466027,172.18.0.3:9100,1.2499999999997584,23.99637903993431,4401.827342457512,2930.2902692134153
2026-02-25T22:28:32.466027,172.18.0.4:9100,1.3500000000002501,24.007707071147554,1183658.482478568,1183476.1618288462
2026-02-25T22:28:32.466027,172.18.0.2:9100,1.3500000000000227,23.98690559790201,1179893.973004474,1178481.9340527125
2026-02-25T22:28:32.466027,172.18.0.6:9100,1.3300000000001688,23.99317110189163,20235.66567658006,17797.04477948641
2026-02-25T22:28:32.466027,172.18.0.5:9100,1.360272054410757,23.990063411912775,4341.605564955818,2870.4267719496147
2026-02-25T22:28:37.462273,172.18.0.3:9100,1.7599999999998772,23.987055969997762,3532.7200000000007,3111.2800000000007
2026-02-25T22:28:37.462273,172.18.0.4:9100,1.470000000000013,24.015726916254277,1179955.1812302603,1178538.7652278538
2026-02-25T22:28:37.462273,172.18.0.2:9100,1.5300000000002,24.01507530383935,1254069.477220911,1253713.131474741
2026-02-25T22:28:37.462273,172.18.0.6:9100,1.5999999999997954,23.993822714306557,20372.10511579537,18915.563377464903
2026-02-25T22:28:37.462273,172.18.0.5:9100,1.5200000000001097,24.01507530383935,3408.576343053722,3017.040681627265
2026-02-25T22:28:42.476508,172.18.0.3:9100,1.2200000000001268,24.0405884360851,4631.28,3068.08
2026-02-25T22:28:42.476508,172.18.0.4:9100,1.5496900619874623,24.017080265116032,1259148.3940642376,1258962.6814927405
2026-02-25T22:28:42.476508,172.18.0.2:9100,1.3999999999996504,24.02013783106296,1260482.7806887727,1258978.2008719654
2026-02-25T22:28:42.476508,172.18.0.6:9100,1.4402880576114399,24.01998745896722,21501.32,18895.440000000002
2026-02-25T22:28:42.476508,172.18.0.5:9100,1.4800000000000324,24.020087707031045,4611.88,3040.84
2026-02-25T22:28:47.469977,172.18.0.3:9100,1.2200000000001268,24.0405884360851,3514.0098,2660.6374666666666
2026-02-25T22:28:47.469977,172.18.0.4:9100,25.43819885161693,24.05076361456424,1183889.9992486287,1182482.3427755653
2026-02-25T22:28:47.469977,172.18.0.2:9100,25.676084000604334,24.087053413672134,1177841.2412186784,1177505.9168263269
2026-02-25T22:28:47.469977,172.18.0.6:9100,25.604229607250915,24.096376483608694,19116.570870430896,17757.54160562005
2026-02-25T22:28:47.469977,172.18.0.5:9100,25.600543888804935,24.086953165608293,3062.7019310241185,2821.4366218348487
2026-02-25T22:28:52.466301,172.18.0.3:9100,25.781840157123426,24.117729321205328,3754.105185253712,2843.054720384847
2026-02-25T22:28:52.466301,172.18.0.4:9100,1.7099999999999227,24.145147166663904,1177690.8223449416,1177502.6484841655
2026-02-25T22:28:52.466301,172.18.0.2:9100,1.4802960592118382,24.14755312019593,1178996.355849425,1177560.07213164
2026-02-25T22:28:52.466301,172.18.0.6:9100,1.5099999999998772,24.131864298205908,20165.370599947408,17700.477102821293
2026-02-25T22:28:52.466301,172.18.0.5:9100,1.5096980603878336,24.14755312019593,4346.857507795184,2866.1858071302454
2026-02-25T22:28:57.465683,172.18.0.3:9100,1.3299999999997993,24.131563554014413,3772.792451084694,2849.1604607058607
2026-02-25T22:28:57.465683,172.18.0.4:9100,1.3600000000001415,24.13672632930186,1178971.8246365378,1177548.6682444871
2026-02-25T22:28:57.465683,172.18.0.2:9100,1.470000000000141,24.135824096727355,1182872.7177098205,1182519.3853783156
2026-02-25T22:28:57.465683,172.18.0.6:9100,1.490298059612016,24.13898191073812,19169.43421744684,17801.22473514163
2026-02-25T22:28:57.465683,172.18.0.5:9100,1.5000000000002274,24.13898191073812,3082.419233658903,2832.081141998497
2026-02-25T22:29:02.465812,172.18.0.3:9100,1.6496700659873653,24.13873129057854,3768.3626271970397,2848.057354301573
2026-02-25T22:29:02.465812,172.18.0.4:9100,1.5900000000000318,24.141187368142468,1183166.121942973,1182527.818475525
2026-02-25T22:29:02.465812,172.18.0.2:9100,1.429714057188221,24.130059833056894,1178983.3201848303,1177547.3909613434
2026-02-25T22:29:02.465812,172.18.0.6:9100,1.320000000000391,24.13587422075927,20292.358554361712,17823.014501465175
2026-02-25T22:29:02.465812,172.18.0.5:9100,1.4002800560109137,24.13000970902498,4398.061534993802,2901.5364964874716
2026-02-25T22:29:07.468280,172.18.0.3:9100,1.2602520504099317,24.14178885652547,3765.4840649428747,2847.634025625607
2026-02-25T22:29:07.468280,172.18.0.4:9100,1.2499999999996732,24.141488112333974,1179354.647231197,1177630.5131865656
2026-02-25T22:29:07.468280,172.18.0.2:9100,1.5600000000005139,24.14083649991905,1177907.0588677262,1177552.2371238589
2026-02-25T22:29:07.468280,172.18.0.6:9100,1.5996800639866962,24.140686127823297,19220.88655146506,17835.12396694215
2026-02-25T22:29:07.468280,172.18.0.5:9100,1.520000000000337,24.14083649991905,3086.1039107404486,2836.1696532551937
2026-02-25T22:29:12.471904,172.18.0.3:9100,1.6600000000000819,24.150009197759857,3538.4603449999995,2672.863245
2026-02-25T22:29:12.471904,172.18.0.4:9100,1.7200000000002689,24.136876701397615,1254568.32,1253871.6
2026-02-25T22:29:12.471904,172.18.0.2:9100,1.3999999999997499,24.139232530897704,1260634.32,1259096.36
2026-02-25T22:29:12.471904,172.18.0.6:9100,1.5996800639866962,24.140686127823297,21070.15,19010.8
2026-02-25T22:29:12.471904,172.18.0.5:9100,1.419999999999746,24.139132282833874,4855.08,3104.48
2026-02-25T22:29:17.467662,172.18.0.3:9100,1.2899999999996083,24.144295058121322,4025.4500000000003,3048.25
2026-02-25T22:29:17.467662,172.18.0.4:9100,1.2300000000000324,24.152816143547206,1260970.48,1259130.84
2026-02-25T22:29:17.467662,172.18.0.2:9100,1.3999999999997499,24.139232530897704,1089848.0371035617,1088821.8102467791
2026-02-25T22:29:17.467662,172.18.0.6:9100,1.4500000000001592,24.167502484898883,19296.139199999998,17258.507525
2026-02-25T22:29:17.467662,172.18.0.5:9100,1.419999999999746,24.139132282833874,3526.081244687234,2649.562937105188
2026-02-25T22:29:22.470186,172.18.0.3:9100,25.386363636363555,24.142440468940396,3265.639097744361,2875.977443609023
2026-02-25T22:29:22.470186,172.18.0.4:9100,25.431818181818215,24.12434569341836,1179067.9699248122,1178426.4661654136
2026-02-25T22:29:22.470186,172.18.0.2:9100,25.306864676466276,24.1619387173561,1159406.0648148146,1158538.9814814813
2026-02-25T22:29:22.470186,172.18.0.6:9100,25.32201848764953,24.164845911207276,20420.092592592595,18234.12037037037
2026-02-25T22:29:22.470186,172.18.0.5:9100,25.340909090909037,24.165196779430698,3756.0535209963423,2826.5660447242926
2026-02-25T22:29:27.477575,172.18.0.3:9100,1.2502500500102087,24.132215166429326,4345.40190991804,2864.576283931123
2026-02-25T22:29:27.477575,172.18.0.4:9100,1.119999999999905,24.13166380207824,1179803.7969924815,1178382.3684210528
2026-02-25T22:29:27.477575,172.18.0.2:9100,1.4199999999996038,24.142340220876555,1165543.4510856983,1164670.169915274
2026-02-25T22:29:27.477575,172.18.0.6:9100,1.3600000000003547,24.142290096844643,20375.09259259259,18204.814814814814
2026-02-25T22:29:27.477575,172.18.0.5:9100,1.3502700540109203,24.142290096844643,3749.895828510579,2820.7324413167275
2026-02-25T22:29:32.466577,172.18.0.3:9100,1.5100000000003178,24.133568515291092,3281.0256024662576,2879.093198992443
2026-02-25T22:29:32.466577,172.18.0.4:9100,1.6499999999997357,24.12304246858852,1183678.3834586467,1183338.5714285716
2026-02-25T22:29:32.466577,172.18.0.2:9100,1.420000000000087,24.12775412758872,1165499.3749710633,1164635.955368304
2026-02-25T22:29:32.466577,172.18.0.6:9100,1.410282056411205,24.13071144547182,20460.13519770349,18287.572923418833
2026-02-25T22:29:32.466577,172.18.0.5:9100,1.4097180563887264,24.12765387952488,3740.4166666666665,2817.453703703704
2026-02-25T22:29:37.474644,172.18.0.3:9100,1.3197360527892954,24.167803229090378,4380.714285714286,2889.511278195489
2026-02-25T22:29:37.474644,172.18.0.4:9100,1.2000000000000455,24.1483551047066,1179781.5789473685,1178369.84962406
2026-02-25T22:29:37.474644,172.18.0.2:9100,1.3400000000000318,24.168053849249972,1159446.08546692,1158580.4898374924
2026-02-25T22:29:37.474644,172.18.0.6:9100,1.3697260547890693,24.168053849249972,19461.549145793786,17563.914996064632
2026-02-25T22:29:37.474644,172.18.0.5:9100,1.390278055611077,24.168053849249972,3741.2380202787167,2815.084031668133
2026-02-25T22:29:42.470569,172.18.0.3:9100,1.489999999999668,24.134570995929426,3318.12030075188,2904.21052631579
2026-02-25T22:29:42.470569,172.18.0.4:9100,1.6700000000001864,24.173066252441664,1178718.0075187972,1178391.5789473685
2026-02-25T22:29:42.470569,172.18.0.2:9100,1.3800000000001091,24.126049910503543,1101151.1049733334,1100583.8163666667
2026-02-25T22:29:42.470569,172.18.0.6:9100,1.3699999999997772,24.12589953840779,18321.15163333334,16590.58758
2026-02-25T22:29:42.470569,172.18.0.5:9100,1.3700000000001324,24.12599978647162,3530.115887252696,2659.4866870426854
2026-02-25T22:29:47.472487,172.18.0.3:9100,1.6003200640129336,24.555763236127802,4662.0264810592425,3085.5234209368373
2026-02-25T22:29:47.472487,172.18.0.4:9100,1.6700000000001864,24.173066252441664,1258668.3,1257746.9500000002
2026-02-25T22:29:47.472487,172.18.0.2:9100,1.5000000000001137,24.191511896187112,1260576.44,1259067.2
2026-02-25T22:29:47.472487,172.18.0.6:9100,1.5103020604121582,24.17572282613326,21604.0641625665,19026.92107684307
2026-02-25T22:29:47.472487,172.18.0.5:9100,1.4497100579883693,24.191511896187112,4835.88,3090.48
2026-02-25T22:29:52.469784,172.18.0.3:9100,1.7800000000002996,24.667539827302665,3536.8,3116.36
2026-02-25T22:29:52.469784,172.18.0.4:9100,1.7800000000003138,24.655159191419163,1104556.65656,1103539.0141099999
2026-02-25T22:29:52.469784,172.18.0.2:9100,1.7703540708138803,24.6446331447166,1259418.73674947,1259067.9627185087
2026-02-25T22:29:52.469784,172.18.0.6:9100,1.8596280743854834,24.644482772620847,20453.879999999997,19028.64
2026-02-25T22:29:52.469784,172.18.0.5:9100,1.8399999999998045,24.64147533070583,3289.8684052637896,3023.7190512379507
2026-02-25T22:29:57.475134,172.18.0.3:9100,24.94284407864629,24.66934429245167,4401.905048755694,2918.6777606264827
2026-02-25T22:29:57.475134,172.18.0.4:9100,25.114329268292153,24.68914328505888,1161480.2411873841,1160620.5009276439
2026-02-25T22:29:57.475134,172.18.0.2:9100,25.114294422432465,24.663429656685466,1181566.657881857,1180122.3222017242
2026-02-25T22:29:57.475134,172.18.0.6:9100,25.04953513183922,24.669745284707012,20316.881258941343,17866.31277765228
2026-02-25T22:29:57.475134,172.18.0.5:9100,25.080018289895136,24.663429656685466,4575.354843567637,2927.186476412786
2026-02-25T22:30:02.475887,172.18.0.3:9100,1.4499999999999318,24.139282654929627,3293.5993975903616,2909.3750000000005
2026-02-25T22:30:02.475887,172.18.0.4:9100,1.2300000000003593,24.659419734132115,1167606.4471243042,1166728.06122449
2026-02-25T22:30:02.475887,172.18.0.2:9100,1.2700000000000102,24.646537857929452,1185341.4404578141,1184992.6207597605
2026-02-25T22:30:02.475887,172.18.0.6:9100,1.290000000000319,24.646337361801773,19245.96212492,17886.67595346561
2026-02-25T22:30:02.475887,172.18.0.5:9100,1.3102620524101667,24.646537857929452,3111.0274462557886,2854.598847934942
2026-02-25T22:30:07.467541,172.18.0.3:9100,1.2597480503903995,24.1519139109727,4384.774669628403,2910.131395655284
2026-02-25T22:30:07.467541,172.18.0.4:9100,1.6399999999999864,24.1566255699729,1167581.4935064935,1166700.974025974
2026-02-25T22:30:07.467541,172.18.0.2:9100,1.4799999999997766,24.174269229207678,1186483.9802718272,1185053.3112458116
2026-02-25T22:30:07.467541,172.18.0.6:9100,1.4999999999999858,24.17121166326074,20293.58834381236,17812.770603516434
2026-02-25T22:30:07.467541,172.18.0.5:9100,1.470000000000141,24.174269229207678,4621.700990173563,2967.169910771432
2026-02-25T22:30:12.473962,172.18.0.3:9100,1.6400000000000006,24.05818197128795,3303.4786537158348,2909.1559370529326
2026-02-25T22:30:12.473962,172.18.0.4:9100,1.1997600479903667,24.16133722897309,1167543.5276656926,1166650.7119335837
2026-02-25T22:30:12.473962,172.18.0.2:9100,1.3800000000001091,24.128756608227054,1170568.1638492527,1170224.3514927903
2026-02-25T22:30:12.473962,172.18.0.6:9100,1.269999999999854,24.131864298205908,19216.549958587457,17837.323996686995
2026-02-25T22:30:12.473962,172.18.0.5:9100,1.310000000000045,24.131914422237834,3143.185240963856,2884.6009036144574
2026-02-25T22:30:17.473410,172.18.0.3:9100,1.4502900580115323,24.053420188255835,4365.008847558451,2881.480365950077
2026-02-25T22:30:17.473410,172.18.0.4:9100,1.7396520695858868,24.06384598689457,997472.5547775016,877530.1763486153
2026-02-25T22:30:17.473410,172.18.0.2:9100,1.6399999999999864,24.06339487060731,982609.9607276235,933034.04382762
2026-02-25T22:30:17.473410,172.18.0.6:9100,1.7500000000000142,24.06309412641582,20315.46252023644,17847.144309325704
2026-02-25T22:30:17.473410,172.18.0.5:9100,1.709999999999937,24.063294622543484,4604.367469879518,2953.3509036144583
2026-02-25T22:30:22.472900,172.18.0.3:9100,1.2997400519893603,24.056327382107025,3483.7406503739853,3048.278068877245
2026-02-25T22:30:22.472900,172.18.0.4:9100,1.1904761904764456,24.053269816160082,813972.24,812443.3200000001
2026-02-25T22:30:22.472900,172.18.0.2:9100,1.2000000000000455,24.04981125795782,853647.81476,744326.0016666667
2026-02-25T22:30:22.472900,172.18.0.6:9100,1.1402280456090779,24.05913432789437,20330.373214928593,18881.67526701068
2026-02-25T22:30:22.472900,172.18.0.5:9100,1.2397520495900949,24.059184451926296,3320.64,3053.28
2026-02-25T22:30:27.478441,172.18.0.3:9100,25.33232628398801,24.073670297150297,4401.9007550430115,2898.6890049209273
2026-02-25T22:30:27.478441,172.18.0.4:9100,1.3199999999999363,24.06464797140524,560578.72,560218.88
2026-02-25T22:30:27.478441,172.18.0.2:9100,25.483383685800632,24.067755661384094,584878.1068435762,462221.0941497771
2026-02-25T22:30:27.478441,172.18.0.6:9100,25.49463827216445,24.067755661384094,20184.222389181068,17739.293764087153
2026-02-25T22:30:27.478441,172.18.0.5:9100,25.438066465257023,24.067755661384094,4571.879343375531,2939.784380752038
2026-02-25T22:30:32.473081,172.18.0.3:9100,1.2999999999999403,24.069510002501193,3279.7896318557473,2865.1389932381667
2026-02-25T22:30:32.473081,172.18.0.4:9100,25.34360368524382,24.067404793160673,290640.02103602415,289228.20329814806
2026-02-25T22:30:32.473081,172.18.0.2:9100,1.1499999999999773,24.06735466912876,374923.92950142745,225300.2538568094
2026-02-25T22:30:32.473081,172.18.0.6:9100,1.1199999999997772,24.06429710318182,19088.730277986473,17744.6656649136
2026-02-25T22:30:32.473081,172.18.0.5:9100,1.0999999999997954,24.06429710318182,3064.610645730814,2827.8426805905115
2026-02-25T22:30:37.472048,172.18.0.3:9100,1.2999999999999403,24.069510002501193,3764.2923219241443,2815.633672525439
2026-02-25T22:30:37.472048,172.18.0.4:9100,1.5500000000000682,24.08760477802322,52689.14350112697,52361.49511645379
2026-02-25T22:30:37.472048,172.18.0.2:9100,1.4697060587881765,24.11422063897113,5809.323466436273,3115.134668119154
2026-02-25T22:30:37.472048,172.18.0.6:9100,1.6700000000000585,24.507142925168324,20211.081893313294,17784.560480841472
2026-02-25T22:30:37.472048,172.18.0.5:9100,1.5799999999997993,24.164695539111534,4515.870928965855,2900.642350024417
2026-02-25T22:30:42.478408,172.18.0.3:9100,1.7803560712142996,24.590449066214347,3806.891766882516,2855.4116558741903
2026-02-25T22:30:42.478408,172.18.0.4:9100,1.5699999999999505,24.596313577948635,4351.290431646568,2934.6331567677225
2026-02-25T22:30:42.478408,172.18.0.2:9100,1.6800000000002768,24.599270895831737,3419.969197250291,2885.0907178543257
2026-02-25T22:30:42.478408,172.18.0.6:9100,1.5096980603878336,24.580524507894786,19096.953532925134,17764.434093384923
2026-02-25T22:30:42.478408,172.18.0.5:9100,1.6400000000000858,24.599270895831737,3043.4619285526464,2818.0383907441496
2026-02-25T22:30:47.471137,172.18.0.3:9100,1.3297340531893411,24.589847577831346,3772.3404255319147,2846.6234967622577
2026-02-25T22:30:47.471137,172.18.0.4:9100,1.3900000000003416,24.58543666302265,3256.977574095639,2937.3426993726757
2026-02-25T22:30:47.471137,172.18.0.2:9100,1.2999999999996277,24.588293732841915,4879.493632846249,2956.72589309192
2026-02-25T22:30:47.471137,172.18.0.6:9100,1.3202640528106997,24.582028228852295,20257.54103902934,17837.684534765787
2026-02-25T22:30:47.471137,172.18.0.5:9100,1.3002600520104437,24.58824360881,4512.866749314399,2895.4881851309215
2026-02-25T22:30:52.474416,172.18.0.3:9100,1.2902580516103654,24.581075872245872,3588.3974786239314,2705.546211060553
2026-02-25T22:30:52.474416,172.18.0.4:9100,1.3099999999999596,24.573908135681744,4324.630930468427,2925.0591638180385
2026-02-25T22:30:52.474416,172.18.0.2:9100,1.6399999999999864,24.19537144664472,3625.254989800408,3066.677332906684
2026-02-25T22:30:52.474416,172.18.0.6:9100,1.6400000000003274,24.189156066687012,20345.359999999997,18919.52
2026-02-25T22:30:52.474416,172.18.0.5:9100,1.5596880623873943,24.18925631475085,3250.08,3003.68
2026-02-25T22:30:57.470072,172.18.0.3:9100,1.7796440711856576,24.19196301247437,3448.76,3039.52
2026-02-25T22:30:57.470072,172.18.0.4:9100,1.8499999999995538,24.19451933810214,3466.92,3119.4
2026-02-25T22:30:57.470072,172.18.0.2:9100,1.6399999999999864,24.19537144664472,3625.254989800408,3066.677332906684
2026-02-25T22:30:57.470072,172.18.0.6:9100,1.6400000000003274,24.189156066687012,20345.359999999997,18919.52
2026-02-25T22:30:57.470072,172.18.0.5:9100,1.5596880623873943,24.18925631475085,3250.08,3003.68
2026-02-25T22:31:02.470882,172.18.0.3:9100,1.379999999999768,24.10219087131106,4054.9472526373684,3062.9968501574917
2026-02-25T22:31:02.470882,172.18.0.4:9100,28.377790663960766,24.104947693066492,4291.657372295338,2897.7990928693584
2026-02-25T22:31:02.470882,172.18.0.2:9100,1.5103020604123856,24.093519413789423,3485.7494320549363,2622.37842079604
2026-02-25T22:31:02.470882,172.18.0.6:9100,1.5199999999996407,24.099484173587538,19085.567486666667,17081.87161
2026-02-25T22:31:02.470882,172.18.0.5:9100,1.6300000000001091,24.099484173587538,3517.536333333334,2644.21898
2026-02-25T22:31:07.482630,172.18.0.3:9100,28.80237784544026,24.07793083986324,3699.319541489702,2791.112937845367
2026-02-25T22:31:07.482630,172.18.0.4:9100,2.560000000000173,22.675761171017683,3261.023124395866,2927.5410811212732
2026-02-25T22:31:07.482630,172.18.0.2:9100,28.51551174253389,24.123593832939605,3703.612366990912,2785.8154085034475
2026-02-25T22:31:07.482630,172.18.0.6:9100,28.530008698173376,24.12048614296075,20006.89592181577,18087.45490249806
2026-02-25T22:31:07.482630,172.18.0.5:9100,28.530008698173432,24.123593832939605,3751.3928212622154,2815.645264407708
2026-02-25T22:31:12.472162,172.18.0.3:9100,4.210000000000264,22.59365800673767,3705.817882911681,2791.533473376564
2026-02-25T22:31:12.472162,172.18.0.4:9100,5.361072214442899,22.57280640946021,4346.507045395397,2925.19611852623
2026-02-25T22:31:12.472162,172.18.0.2:9100,2.8500000000000085,22.582480347620184,4501.347216513678,2893.4100561720784
2026-02-25T22:31:12.472162,172.18.0.6:9100,3.0700000000001495,22.580274890215833,20216.960453009404,18135.994154717322
2026-02-25T22:31:12.472162,172.18.0.5:9100,2.839999999999918,22.611702658227784,3762.0895931321065,2824.01022877757
2026-02-25T22:31:17.479716,172.18.0.3:9100,4.199999999999591,22.611151293876695,3709.7319267479565,2788.1444946796364
2026-02-25T22:31:17.479716,172.18.0.4:9100,2.4199999999998596,22.577417820396573,3889.0210804178905,3003.3832769453843
2026-02-25T22:31:17.479716,172.18.0.2:9100,5.341068213642842,22.585537913567123,4501.552795031056,2893.8162221410303
2026-02-25T22:31:17.479716,172.18.0.6:9100,5.170000000000073,22.59481085947176,20032.788382500683,18163.987578774315
2026-02-25T22:31:17.479716,172.18.0.5:9100,5.380000000000123,22.594911107535598,4505.5256187779705,2910.083112613024
2026-02-25T22:31:22.472225,172.18.0.3:9100,2.3695260947812926,23.096702791056465,4336.047289761321,2865.0829057922524
2026-02-25T22:31:22.472225,172.18.0.4:9100,2.1395720855828984,23.077505286832267,4982.266339504796,3015.056881552531
2026-02-25T22:31:22.472225,172.18.0.2:9100,2.939412117576225,23.09850725620548,5252.123481596493,3001.0959905014156
2026-02-25T22:31:22.472225,172.18.0.6:9100,2.7999999999999545,23.088231829662497,19185.08539592657,17389.076628002556
2026-02-25T22:31:22.472225,172.18.0.5:9100,2.799999999999727,23.104822884227016,4471.778244588547,2896.5202301580052
2026-02-25T22:31:27.471461,172.18.0.3:9100,1.2699999999998681,23.133744450643114,3211.4283589857982,2818.87129154584
2026-02-25T22:31:27.471461,172.18.0.4:9100,1.4699999999998994,23.061716216778414,4200.640000000001,3247.84
2026-02-25T22:31:27.471461,172.18.0.2:9100,1.2400000000003502,23.107980698237785,5050.70206,2884.891433333333
2026-02-25T22:31:27.471461,172.18.0.6:9100,1.3302660532104227,23.114296326259332,18210.554863159825,16505.54118372585
2026-02-25T22:31:27.471461,172.18.0.5:9100,1.3502700540112613,23.114296326259332,4275.604702110106,2773.4153122239445
2026-02-25T22:31:32.472459,172.18.0.3:9100,1.300260052010671,23.064422914501936,4691.88,3104.52
2026-02-25T22:31:32.472459,172.18.0.4:9100,1.4699999999998994,23.061716216778414,4200.64,3247.84
2026-02-25T22:31:32.472459,172.18.0.2:9100,1.5199999999997402,23.05845815470381,6214.08,3287.7200000000003
2026-02-25T22:31:32.472459,172.18.0.6:9100,1.4397120575886646,23.061465596618834,21760.640000000003,19075.4
2026-02-25T22:31:32.472459,172.18.0.5:9100,1.389999999999631,23.06156584468266,6136.165446617864,3263.970558822353
2026-02-25T22:31:37.474907,172.18.0.3:9100,23.927138005557126,22.640122984324705,3278.6464234458795,2879.2582521338472
2026-02-25T22:31:37.474907,172.18.0.4:9100,1.2902580516102518,22.638218271111864,5021.59683,2932.6564000000003
2026-02-25T22:31:37.474907,172.18.0.2:9100,23.838196696001162,22.64122571302688,3736.3371983230727,2939.003663557049
2026-02-25T22:31:37.474907,172.18.0.6:9100,23.857672121025033,22.644483775101488,19108.882846136417,17967.746808671352
2026-02-25T22:31:37.474907,172.18.0.5:9100,23.880827415868993,22.647541341048427,4307.587717641728,2996.7141292442493
2026-02-25T22:31:42.478460,172.18.0.3:9100,2.009999999999877,23.10166507021625,4435.11594531309,2930.2062089281667
2026-02-25T22:31:42.478460,172.18.0.4:9100,24.270495599814893,23.10662734937603,4540.392047306421,3004.563020906086
2026-02-25T22:31:42.478460,172.18.0.2:9100,1.9899999999999096,23.101965814407755,5230.531006873631,3040.448674371176
2026-02-25T22:31:42.478460,172.18.0.6:9100,1.9803960792157227,23.10497325632277,20569.739774143593,18021.188201080182
2026-02-25T22:31:42.478460,172.18.0.5:9100,1.9003800760153666,23.101965814407755,5170.191871883971,3002.4172835775794
2026-02-25T22:31:47.473738,172.18.0.3:9100,1.1502300460092556,23.09073803125835,3286.9768847257897,2877.2850883819306
2026-02-25T22:31:47.473738,172.18.0.4:9100,1.3497300539889068,23.097605023630972,4510.359919914326,2989.9427294314846
2026-02-25T22:31:47.473738,172.18.0.2:9100,1.169999999999959,23.097504775567145,3123.3145749140763,2876.4965819390413
2026-02-25T22:31:47.473738,172.18.0.6:9100,1.1499999999999773,23.097354403471392,19097.291989273708,17954.413264342635
2026-02-25T22:31:47.473738,172.18.0.5:9100,1.289742051589542,23.097504775567145,3711.74982059901,2933.4516750387124
2026-02-25T22:31:52.473768,172.18.0.3:9100,1.4897020595882253,23.09459758171596,4423.877327491785,2930.316878800469
2026-02-25T22:31:52.473768,172.18.0.4:9100,1.5400000000003047,23.092592620439277,4519.160031661777,2992.363924197979
2026-02-25T22:31:52.473768,172.18.0.2:9100,1.5800000000003678,23.09199113205628,4625.221890697586,2978.7740302904404
2026-02-25T22:31:52.473768,172.18.0.6:9100,1.5700000000001637,23.091840759960526,20589.88594304706,18043.961024246542
2026-02-25T22:31:52.473768,172.18.0.5:9100,1.4802960592118097,23.09199113205628,5197.945386561922,3027.835479850436
2026-02-25T22:31:57.475228,172.18.0.3:9100,1.88037607521467,23.071941519289485,3276.5796729236695,2884.4279941080936
2026-02-25T22:31:57.475228,172.18.0.4:9100,1.8600000000000136,23.151388109877892,4974.5439438002795,3028.439777920459
2026-02-25T22:31:57.475228,172.18.0.2:9100,1.8296340731850904,23.179808435974824,3132.298511972204,2896.48009668404
2026-02-25T22:31:57.475228,172.18.0.6:9100,1.8699999999997772,23.164721102367814,19047.021943573665,17892.20833175964
2026-02-25T22:31:57.475228,172.18.0.5:9100,1.899620075984572,23.179808435974824,3118.891154921067,2874.9905581992602
2026-02-25T22:32:02.474511,172.18.0.3:9100,1.5600000000002723,23.107178713727116,4676.427057082283,3108.764350574023
2026-02-25T22:32:02.474511,172.18.0.4:9100,1.5200000000000813,23.12311815587672,3281.7811012916386,2967.5202054535844
2026-02-25T22:32:02.474511,172.18.0.2:9100,1.5203040608121228,23.13945859028165,4895.52,3159.2000000000003
2026-02-25T22:32:02.474511,172.18.0.6:9100,1.5300000000003138,23.123669520227807,21690.187607504304,18987.199487979517
2026-02-25T22:32:02.474511,172.18.0.5:9100,1.5100000000002183,23.13945859028165,4855.8,3133.2000000000003
2026-02-25T22:32:07.475034,172.18.0.3:9100,1.5600000000002723,23.107178713727116,4676.427057082283,3108.764350574023
2026-02-25T22:32:07.475034,172.18.0.4:9100,1.209999999999809,23.103619907461017,4643.374265029399,3165.4333826646935
2026-02-25T22:32:07.475034,172.18.0.2:9100,1.150000000000432,23.10356978342909,3312.84,3050.64
2026-02-25T22:32:07.475034,172.18.0.6:9100,1.2199999999996862,23.10356978342909,20207.92,18978.8
2026-02-25T22:32:07.475034,172.18.0.5:9100,1.160000000000423,23.10356978342909,3298.628054877805,3053.3978640854366
2026-02-25T22:32:12.477219,172.18.0.3:9100,1.2097580483902703,23.104371767939767,3975.6444727763605,2668.1711508174594
2026-02-25T22:32:12.477219,172.18.0.4:9100,32.5027457440966,22.65465895358063,3206.6046034305823,2908.151297463715
2026-02-25T22:32:12.477219,172.18.0.2:9100,32.96499656829096,22.684933868858494,4481.216785779733,2877.221916804105
2026-02-25T22:32:12.477219,172.18.0.6:9100,32.866556836902845,22.66618748092154,19949.127693886527,17463.531740214046
2026-02-25T22:32:12.477219,172.18.0.5:9100,32.94206479956023,22.684933868858494,4758.613106582613,2916.251282803108
2026-02-25T22:32:17.477976,172.18.0.3:9100,33.00837566936707,22.65997210096383,4194.49804783916,2811.425750572185
2026-02-25T22:32:17.477976,172.18.0.4:9100,2.0300000000001006,22.653405852782715,4270.231637589796,2917.8272980501392
2026-02-25T22:32:17.477976,172.18.0.2:9100,1.520304060811668,22.65521031793172,3016.5298343351415,2776.5356985779213
2026-02-25T22:32:17.477976,172.18.0.6:9100,1.5199999999999676,22.65475920164447,18506.414015540242,17385.134144553587
2026-02-25T22:32:17.477976,172.18.0.5:9100,1.5199999999999818,22.655110069867888,3316.2543522081733,2825.1053692505043
2026-02-25T22:32:22.473914,172.18.0.3:9100,1.399720055988709,22.663180039006527,4178.371101637874,2790.1727619474987
2026-02-25T22:32:22.473914,172.18.0.4:9100,1.3800000000002086,22.66794182203864,3022.6872892537754,2868.9341738747985
2026-02-25T22:32:22.473914,172.18.0.2:9100,1.340000000000387,22.673204845389915,4470.989260711798,2854.1949199134992
2026-02-25T22:32:22.473914,172.18.0.6:9100,1.4000000000002046,22.669896659283395,19973.06113473098,17482.07740800469
2026-02-25T22:32:22.473914,172.18.0.5:9100,1.3700000000003314,22.670147279442986,4749.266969652544,2899.9780090895765
2026-02-25T22:32:27.477430,172.18.0.3:9100,1.3699999999998909,22.681776054847724,4181.332735023559,2786.2687906663677
2026-02-25T22:32:27.477430,172.18.0.4:9100,1.3899999999995316,22.67997158969871,4289.546987245272,2913.062600791673
2026-02-25T22:32:27.477430,172.18.0.2:9100,1.3897220555886634,22.676362659400684,3018.7648891332237,2768.810701850834
2026-02-25T22:32:27.477430,172.18.0.6:9100,1.3997200559886664,22.67621228730493,18537.694704049845,17403.33516584204
2026-02-25T22:32:27.477430,172.18.0.5:9100,1.4099999999998403,22.676362659400684,3326.7116258613105,2819.747837560475
2026-02-25T22:32:32.478020,172.18.0.3:9100,1.3902780556112901,22.677315016007103,3663.4654220706366,2752.905802629807
2026-02-25T22:32:32.478020,172.18.0.4:9100,1.4000000000003183,22.6008257433018,3029.24791086351,2854.2002638909253
2026-02-25T22:32:32.478020,172.18.0.2:9100,1.3897220555886634,22.676362659400684,3668.476553735697,2752.748485528383
2026-02-25T22:32:32.478020,172.18.0.6:9100,1.3997200559886664,22.67621228730493,18810.096477451203,17037.917881983398
2026-02-25T22:32:32.478020,172.18.0.5:9100,1.4099999999998403,22.676362659400684,4029.9317896248426,2810.7610841859628
2026-02-25T22:32:37.477462,172.18.0.3:9100,2.6894621075783363,23.070888914619225,3495.154760386981,2625.9586906071363
2026-02-25T22:32:37.477462,172.18.0.4:9100,2.739999999999995,23.084673023396395,4653.56,3149.8400000000006
2026-02-25T22:32:37.477462,172.18.0.2:9100,1.9903980796162557,22.59661532462077,4093.4046702335118,3066.1533076653836
2026-02-25T22:32:37.477462,172.18.0.6:9100,1.9503900780152748,22.599622766535788,19810.302373333336,17772.986836666667
2026-02-25T22:32:37.477462,172.18.0.5:9100,1.9300000000004047,22.59977313863154,3830.25,3039.9
2026-02-25T22:32:42.475462,172.18.0.3:9100,1.4400000000000546,23.09850725620548,3489.380424783009,3050.037998480061
2026-02-25T22:32:42.475462,172.18.0.4:9100,1.5899999999999181,23.071590651066064,3280.2000000000003,3092.32
2026-02-25T22:32:42.475462,172.18.0.2:9100,2.1195760847831906,23.09379559720528,3603.0808609569517,2697.310544472776
2026-02-25T22:32:42.475462,172.18.0.6:9100,2.1795640871827686,23.09695341121606,19654.66078258587,17649.68861036115
2026-02-25T22:32:42.475462,172.18.0.5:9100,2.1599999999997124,23.09379559720528,3557.9839650000004,2683.3372799999997
2026-02-25T22:32:47.477831,172.18.0.3:9100,27.251783590963143,23.078658139566354,4406.053576773421,2914.8084405866507
2026-02-25T22:32:47.477831,172.18.0.4:9100,27.136275821073014,23.07695392248118,4551.797672939505,2984.286729769165
2026-02-25T22:32:47.477831,172.18.0.2:9100,27.22948870392385,23.089033814173177,3759.3998803442405,2826.6372129412307
2026-02-25T22:32:47.477831,172.18.0.6:9100,27.21462544589761,23.081264589226038,20935.43191127065,18329.421510423857
2026-02-25T22:32:47.477831,172.18.0.5:9100,27.195720017833338,23.088933566109336,3511.0221363155233,2791.614892539924
2026-02-25T22:32:52.479394,172.18.0.3:9100,1.5299999999999585,22.64383216268657,3267.2478299910204,2862.129601915594
2026-02-25T22:32:52.479394,172.18.0.4:9100,1.4702940588118736,22.650097666676196,3062.1071535468423,2899.094582460341
2026-02-25T22:32:52.479394,172.18.0.2:9100,1.5399999999997362,23.072543007672486,3759.572901325478,2826.0769513991163
2026-02-25T22:32:52.479394,172.18.0.6:9100,1.5000000000002274,23.072392635576733,21015.74005891016,18442.194403534606
2026-02-25T22:32:52.479394,172.18.0.5:9100,1.540308061612265,23.07244275960865,3716.4948453608245,2802.0986745213545
2026-02-25T22:32:57.483130,172.18.0.3:9100,1.620000000000232,22.637316038537357,4389.090500954021,2912.6042874780205
2026-02-25T22:32:57.483130,172.18.0.4:9100,1.4702940588118736,22.650097666676196,3738.4480854197345,2895.1583210603826
2026-02-25T22:32:57.483130,172.18.0.2:9100,1.5603120624122795,22.61390811563213,3739.276509572901,2818.022827687776
2026-02-25T22:32:57.483130,172.18.0.6:9100,1.6300000000002228,22.62638899957946,21725.119724633343,18563.641125411552
2026-02-25T22:32:57.483130,172.18.0.5:9100,1.629674065186748,22.61390811563213,4320.3636499682,2850.499457518052
2026-02-25T22:33:02.481874,172.18.0.3:9100,1.419999999999746,22.63380735630317,3251.346902125112,2861.306495061359
2026-02-25T22:33:02.481874,172.18.0.4:9100,1.5999999999997812,22.63215326324991,3751.6108247422676,2915.4547128129598
2026-02-25T22:33:02.481874,172.18.0.2:9100,1.4697060587882902,22.619221263015334,3062.666018182499,2821.691795428187
2026-02-25T22:33:02.481874,172.18.0.6:9100,1.5003000600117389,22.618820270759997,19411.59084106555,17874.775516312482
2026-02-25T22:33:02.481874,172.18.0.5:9100,1.4699999999999136,22.619221263015334,3212.316210857122,2821.7292079763556
2026-02-25T22:33:07.480271,172.18.0.3:9100,1.7396520695862137,22.619471883174914,4365.857308541285,2905.4210782296386
2026-02-25T22:33:07.480271,172.18.0.4:9100,1.5896820635872189,22.650097666676196,3754.659671406876,2914.4461318974645
2026-02-25T22:33:07.480271,172.18.0.2:9100,1.7200000000002547,22.65806738775099,4527.574079616881,2904.2577072732715
2026-02-25T22:33:07.480271,172.18.0.6:9100,1.5996800639871367,22.654859449708297,20810.273870098772,17857.26578868602
2026-02-25T22:33:07.480271,172.18.0.5:9100,1.6800000000005184,22.65500982180405,4323.917842044221,2851.172883385088
2026-02-25T22:33:12.478245,172.18.0.3:9100,1.2200000000001268,22.60072549523796,3436.46254149834,3032.798688052478
2026-02-25T22:33:12.478245,172.18.0.4:9100,1.6000000000002501,22.61982275139833,3531.96312,2742.910588333333
2026-02-25T22:33:12.478245,172.18.0.2:9100,1.309999999999718,22.61952200720684,3260.4,3014.92
2026-02-25T22:33:12.478245,172.18.0.6:9100,1.4600000000002638,22.619421759143,20283.96,19062.8
2026-02-25T22:33:12.478245,172.18.0.5:9100,1.329999999999572,22.61952200720684,3451.12,3028.56
2026-02-25T22:33:17.479202,172.18.0.3:9100,32.42445054945034,22.59420937108876,4269.931454125583,2836.9561233092622
2026-02-25T22:33:17.479202,172.18.0.4:9100,1.3002600520101026,22.579573153769005,3637.62485,2818.805355
2026-02-25T22:33:17.479202,172.18.0.2:9100,1.4700000000000273,22.59080093691841,4808.64,3089.88
2026-02-25T22:33:17.479202,172.18.0.6:9100,1.3500000000000227,22.59375825480151,21813.160000000003,19077.760000000002
2026-02-25T22:33:17.479202,172.18.0.5:9100,1.4502900580116318,22.59080093691841,4664.64,3078.32
2026-02-25T22:33:22.479965,172.18.0.3:9100,1.4600000000002638,22.60904608453619,3150.7642681719885,2776.584436054396
2026-02-25T22:33:22.479965,172.18.0.4:9100,32.406262875978626,22.602028720067814,3667.160360845564,2837.574615142947
2026-02-25T22:33:22.479965,172.18.0.2:9100,32.396978021978214,22.607391991482928,3007.5510428503358,2786.1515340346755
2026-02-25T22:33:22.479965,172.18.0.6:9100,32.45879120879118,22.610048565174523,18560.410557184747,17414.039589442815
2026-02-25T22:33:22.479965,172.18.0.5:9100,32.43818681318706,22.607391991482928,3213.754169874262,2822.867407163019
2026-02-25T22:33:27.479878,172.18.0.3:9100,1.6003200640126778,22.642879806080142,4258.724340175952,2828.152492668622
2026-02-25T22:33:27.479878,172.18.0.4:9100,1.3599999999999142,22.620574611877085,3664.183123877917,2837.926391382406
2026-02-25T22:33:27.479878,172.18.0.2:9100,1.4599999999999227,22.629947805845564,4432.624633431085,2857.697947214076
2026-02-25T22:33:27.479878,172.18.0.6:9100,1.4399999999999409,22.63225351131375,20017.558007404426,17511.638136431946
2026-02-25T22:33:27.479878,172.18.0.5:9100,1.3397320535890174,22.629947805845564,4265.175953079179,2818.438416422287
2026-02-25T22:33:32.480237,172.18.0.3:9100,1.6003200640126778,22.642879806080142,3627.1825485883564,2740.742403159926
2026-02-25T22:33:32.480237,172.18.0.4:9100,1.69033806761378,22.650147790708107,4472.37801972213,2940.503684152645
2026-02-25T22:33:32.480237,172.18.0.2:9100,1.4999999999998863,22.64979692248469,3038.41642228739,2811.5835777126103
2026-02-25T22:33:32.480237,172.18.0.6:9100,1.4999999999999858,22.63440884468617,18572.030791788853,17431.70821114369
2026-02-25T22:33:32.480237,172.18.0.5:9100,1.5203040608122222,22.649746798452774,3211.0048022288206,2825.910040690641
2026-02-25T22:33:37.479352,172.18.0.3:9100,1.4099999999999824,22.643030178175895,3644.463396023161,2745.679788141299
2026-02-25T22:33:37.479352,172.18.0.4:9100,1.229754049190106,22.65215275198479,3032.2580645161293,2859.6407624633425
2026-02-25T22:33:37.479352,172.18.0.2:9100,1.2800000000000864,22.658017263719078,4456.231671554252,2879.3621700879767
2026-02-25T22:33:37.479352,172.18.0.6:9100,1.2800000000000864,22.62403317007936,19938.526392961874,17454.545454545452
2026-02-25T22:33:37.479352,172.18.0.5:9100,1.3599999999997863,22.657967139687152,4251.548810440265,2811.2100883463468
2026-02-25T22:33:42.481865,172.18.0.3:9100,1.509698060387933,22.65761627146373,3582.7118200000004,2699.9106749999996
2026-02-25T22:33:42.481865,172.18.0.4:9100,1.6699999999999449,22.666337853017293,4460.540302774825,2941.75433451853
2026-02-25T22:33:42.481865,172.18.0.2:9100,1.5100000000001046,22.66939541896422,3070.8211143695016,2839.6627565982403
2026-02-25T22:33:42.481865,172.18.0.6:9100,1.5499999999994998,22.672553232975,18542.4853372434,17420.381231671552
2026-02-25T22:33:42.481865,172.18.0.5:9100,1.4800000000004871,22.672553232975,3167.521994134897,2801.2096774193546
2026-02-25T22:33:47.485203,172.18.0.3:9100,1.3699999999998766,22.716662381061937,3284.7200000000003,3022.16
2026-02-25T22:33:47.485203,172.18.0.4:9100,1.3400000000002592,22.71961969894504,3285.6,3107.2400000000002
2026-02-25T22:33:47.485203,172.18.0.2:9100,1.5499999999998266,22.715810272519356,4841.88,3116.16
2026-02-25T22:33:47.485203,172.18.0.6:9100,1.5499999999994998,22.672553232975,21040.05,19083.0
2026-02-25T22:33:47.485203,172.18.0.5:9100,1.5196960607873962,22.715710024455515,4600.615975360985,3046.678132874685
2026-02-25T22:33:52.479778,172.18.0.3:9100,1.5703140628126988,22.7342559162648,3642.522,2737.4218583333336
2026-02-25T22:33:52.479778,172.18.0.4:9100,31.755629691409226,22.728441528562428,4462.491726116055,2932.3747885562993
2026-02-25T22:33:52.479778,172.18.0.2:9100,1.5499999999998266,22.715810272519356,3449.13011,2611.48486
2026-02-25T22:33:52.479778,172.18.0.6:9100,1.4500000000003865,22.73445641239247,18864.87096,16945.855245
2026-02-25T22:33:52.479778,172.18.0.5:9100,1.5196960607873962,22.715710024455515,3403.973583333333,2579.4880533333335
2026-02-25T22:33:57.480201,172.18.0.3:9100,31.65832638309709,22.7404712962225,3474.587726412544,2751.284130846175
2026-02-25T22:33:57.480201,172.18.0.4:9100,1.3199999999999363,22.72518346648782,3013.274498988784,2855.120426548998
2026-02-25T22:33:57.480201,172.18.0.2:9100,31.77901320361373,22.737614226403235,3672.8091912592927,2780.806487947736
2026-02-25T22:33:57.480201,172.18.0.6:9100,31.832082290797857,22.74072191638209,19961.025502388035,17930.026133189152
2026-02-25T22:33:57.480201,172.18.0.5:9100,31.845982763414014,22.737614226403235,3635.9089885109256,2752.737102951115
2026-02-25T22:34:02.479044,172.18.0.3:9100,1.339732053588989,22.755007265478422,3657.0694782373616,2759.7098314859873
2026-02-25T22:34:02.479044,172.18.0.4:9100,1.470000000000482,22.742325885403435,4446.238140766346,2931.5657865705675
2026-02-25T22:34:02.479044,172.18.0.2:9100,1.2202440488097466,22.742676753626846,3677.6155717761562,2779.8954672433993
2026-02-25T22:34:02.479044,172.18.0.6:9100,1.2099999999997948,22.751949699531494,19955.618635667302,17911.91312967469
2026-02-25T22:34:02.479044,172.18.0.5:9100,1.2302460492099527,22.74568419554187,3636.0728124718394,2755.159051996035
2026-02-25T22:34:07.481500,172.18.0.3:9100,1.3800000000001091,22.751598831308073,3017.7980436861076,2783.959696991984
2026-02-25T22:34:07.481500,172.18.0.4:9100,1.419999999999618,22.74969411809523,3000.478046627933,2843.8626167536963
2026-02-25T22:34:07.481500,172.18.0.2:9100,1.549690061987576,22.748942257616466,3677.44987609822,2780.0405496733497
2026-02-25T22:34:07.481500,172.18.0.6:9100,1.4900000000001512,22.751648955339988,19842.885464539966,17812.021267009106
2026-02-25T22:34:07.481500,172.18.0.5:9100,1.3999999999999915,22.74884200955264,3634.856267459674,2754.393079210597
2026-02-25T22:34:12.480113,172.18.0.3:9100,1.4800000000001319,22.75746334304236,4411.083327204531,2827.53548576892
2026-02-25T22:34:12.480113,172.18.0.4:9100,1.5200000000002092,22.739067823328828,4454.328160623668,2923.2551298080466
2026-02-25T22:34:12.480113,172.18.0.2:9100,1.4702940588115325,22.75781421126578,3681.220149589979,2794.5390646120577
2026-02-25T22:34:12.480113,172.18.0.6:9100,1.4100000000000819,22.75781421126578,18841.263404523746,17077.273136883843
2026-02-25T22:34:12.480113,172.18.0.5:9100,1.479704059188208,22.75781421126578,3640.7587636298103,2770.5235649274578
2026-02-25T22:34:17.480438,172.18.0.3:9100,1.2900000000000773,22.771297575851445,3005.405405405405,2777.8635778635776
2026-02-25T22:34:17.480438,172.18.0.4:9100,1.5200000000002092,22.739067823328828,4065.15,3142.8500000000004
2026-02-25T22:34:17.480438,172.18.0.2:9100,1.3000000000001677,22.763728847031985,3501.220959172959,2659.3776688834437
2026-02-25T22:34:17.480438,172.18.0.6:9100,1.3697260547890693,22.769894102957768,17980.010365106747,16353.194240287983
2026-02-25T22:34:17.480438,172.18.0.5:9100,1.3900000000001995,22.763728847031985,3471.406473333333,2639.6465866666667
2026-02-25T22:34:22.480720,172.18.0.3:9100,1.5499999999997414,22.80879035172535,4792.688292468301,3069.3172273109076
2026-02-25T22:34:22.480720,172.18.0.4:9100,1.2299999999999045,22.788490118798965,3283.28,3099.56
2026-02-25T22:34:22.480720,172.18.0.2:9100,1.3397320535891168,22.794505002629005,4818.32,3097.52
2026-02-25T22:34:22.480720,172.18.0.6:9100,1.2502500500099671,22.78818937460747,21823.76,19145.04
2026-02-25T22:34:22.480720,172.18.0.5:9100,1.2999999999997272,22.794505002629005,4640.88,3074.36
2026-02-25T22:34:27.483728,172.18.0.3:9100,31.428771733034168,23.288276841043164,3013.931888544892,2782.1760283060594
2026-02-25T22:34:27.483728,172.18.0.4:9100,1.7800000000001006,22.82798785594955,3947.850128333333,2786.3343766666667
2026-02-25T22:34:27.483728,172.18.0.2:9100,2.3500000000002643,23.27760042224485,3303.427862885485,3056.3577456901726
2026-02-25T22:34:27.483728,172.18.0.6:9100,2.4599999999999227,23.283715554138716,20289.199999999997,19100.16
2026-02-25T22:34:27.483728,172.18.0.5:9100,2.350000000000122,23.277550298212923,3492.2603095876166,3080.156793728251
2026-02-25T22:34:32.482451,172.18.0.3:9100,1.2800000000004417,23.2916351511816,4403.471915081823,2818.4800235883836
2026-02-25T22:34:32.482451,172.18.0.4:9100,31.288558609085896,23.301810329660743,4070.531357310681,2873.9381890475324
2026-02-25T22:34:32.482451,172.18.0.2:9100,30.830178095638615,23.296848050500962,4425.417419188383,2836.386421436733
2026-02-25T22:34:32.482451,172.18.0.6:9100,30.804823331464107,23.296797926469047,20110.644257703087,17648.975379625535
2026-02-25T22:34:32.482451,172.18.0.5:9100,30.86090858104309,23.296797926469047,4292.079755279549,2831.091291047802
2026-02-25T22:34:37.482127,172.18.0.3:9100,1.4099999999997408,23.28446741461747,3048.651039363114,2805.6538404835624
2026-02-25T22:34:37.482127,172.18.0.4:9100,1.3799999999996544,23.26632251506352,4077.2185071389836,2877.778781854329
2026-02-25T22:34:37.482127,172.18.0.2:9100,1.370000000000232,23.262964204925083,3054.99041721952,2810.9980834439043
2026-02-25T22:34:37.482127,172.18.0.6:9100,1.3799999999996544,23.26597164684011,18689.960194604162,17564.53634085213
2026-02-25T22:34:37.482127,172.18.0.5:9100,1.2999999999999545,23.266071894903938,3231.682146542828,2825.6671089488427
2026-02-25T22:34:42.482936,172.18.0.3:9100,1.240000000000137,22.80468018110815,4431.298835323603,2824.782544596786
2026-02-25T22:34:42.482936,172.18.0.4:9100,1.2900000000000773,22.82833872417297,4069.808422194108,2874.2092897162474
2026-02-25T22:34:42.482936,172.18.0.2:9100,1.3397320535892305,22.834203235907257,4439.206869863267,2829.027383628792
2026-02-25T22:34:42.482936,172.18.0.6:9100,1.2799999999999585,22.837210677822274,19965.648151560945,17448.011499760425
2026-02-25T22:34:42.482936,172.18.0.5:9100,1.3700000000001182,22.837361049918027,4284.20315494619,2811.6615067079465
2026-02-25T22:34:47.484656,172.18.0.3:9100,1.240000000000137,22.80468018110815,3676.170251219953,2764.6846195553944
2026-02-25T22:34:47.484656,172.18.0.4:9100,1.2000000000000455,22.82833872417297,4793.085655314759,2958.9414713253723
2026-02-25T22:34:47.484656,172.18.0.2:9100,1.2802560512100882,22.828037979981463,3083.33640485054,2829.9362353027905
2026-02-25T22:34:47.484656,172.18.0.6:9100,1.3599999999999,22.82788760788571,18637.549756744804,17498.93115140793
2026-02-25T22:34:47.484656,172.18.0.5:9100,1.259999999999991,22.827937731917626,3200.8329647648534,2808.0126787557133
2026-02-25T22:34:52.485372,172.18.0.3:9100,1.490298059612016,22.840418615864955,3627.252370743537,2727.337138106905
2026-02-25T22:34:52.485372,172.18.0.4:9100,1.3799999999997539,22.846233003567328,3045.5550641309164,2858.764558454961
2026-02-25T22:34:52.485372,172.18.0.2:9100,1.2997400519896871,22.82082011938542,4303.626713843432,2836.0607400855088
2026-02-25T22:34:52.485372,172.18.0.6:9100,1.3700000000001182,22.82693525127929,20002.911690992187,17507.92422232051
2026-02-25T22:34:52.485372,172.18.0.5:9100,1.4099999999998545,22.82387768533235,4286.783134306355,2816.489753796256
2026-02-25T22:34:57.484989,172.18.0.3:9100,1.3199999999996948,22.843927298099143,4819.11276451058,3070.922836913476
2026-02-25T22:34:57.484989,172.18.0.4:9100,1.4900000000002365,22.847536228397168,4873.76,3185.4
2026-02-25T22:34:57.484989,172.18.0.2:9100,1.6599999999998545,22.84743598033333,3346.1461541538342,3070.197192112316
2026-02-25T22:34:57.484989,172.18.0.6:9100,1.509999999999991,22.84723548420566,20234.559999999998,18990.760000000002
2026-02-25T22:34:57.484989,172.18.0.5:9100,1.5100000000002183,22.84743598033333,3483.44,3062.88
2026-02-25T22:35:02.484497,172.18.0.3:9100,1.5196960607883057,22.85320024400379,3563.1296150000003,2681.06376
2026-02-25T22:35:02.484497,172.18.0.4:9100,33.27009079821113,22.8529496238442,3007.450966068885,2829.066072537346
2026-02-25T22:35:02.484497,172.18.0.2:9100,33.21360802385473,22.850794290471775,4256.218269476606,2806.603601300267
2026-02-25T22:35:02.484497,172.18.0.6:9100,33.297194741834986,22.850643918376022,19846.41513568794,17366.77745717521
2026-02-25T22:35:02.484497,172.18.0.5:9100,33.30397072774083,22.850794290471775,4241.535483399685,2792.1034369407207
2026-02-25T22:35:07.483008,172.18.0.3:9100,33.39658444022757,22.863225050387182,3645.7234784163015,2759.764053981589
2026-02-25T22:35:07.483008,172.18.0.4:9100,1.8900000000001,22.865981872142616,4435.589320281969,2906.3515833302895
2026-02-25T22:35:07.483008,172.18.0.2:9100,2.0200000000000955,22.86096946895092,3044.086492804441,2800.7889546351084
2026-02-25T22:35:07.483008,172.18.0.6:9100,1.9399999999999267,22.851345654822865,18506.70221702765,17369.297636874977
2026-02-25T22:35:07.483008,172.18.0.5:9100,1.9300000000000495,22.85179677111011,3195.660907995179,2805.4713466525436
2026-02-25T22:35:12.482049,172.18.0.3:9100,1.8496300739850255,22.863225050387182,3651.0277033065236,2767.917783735478
2026-02-25T22:35:12.482049,172.18.0.4:9100,1.5003000600118668,22.8815704460688,2998.1737161224337,2829.571188545547
2026-02-25T22:35:12.482049,172.18.0.2:9100,2.0200000000000955,22.86096946895092,3629.071897761294,2732.159613923768
2026-02-25T22:35:12.482049,172.18.0.6:9100,1.9399999999999267,22.851345654822865,18717.10085347871,16937.709459761383
2026-02-25T22:35:12.482049,172.18.0.5:9100,1.9300000000000495,22.85179677111011,3652.978238527191,2750.0335135618216
2026-02-25T22:35:17.483805,172.18.0.3:9100,1.2100000000000506,22.89204636873945,3638.9633601429846,2778.373547810545
2026-02-25T22:35:17.483805,172.18.0.4:9100,1.480000000000146,22.85605731382305,4428.555774709621,2909.4893710278325
2026-02-25T22:35:17.483805,172.18.0.2:9100,1.3700000000001182,22.886131732973247,3623.9610331575655,2730.2708016802217
2026-02-25T22:35:17.483805,172.18.0.6:9100,1.3399999999999181,22.886131732973247,19708.38732740516,17688.591983556013
2026-02-25T22:35:17.483805,172.18.0.5:9100,1.3602720544109985,22.886131732973247,3625.435695772634,2729.9579944588436
2026-02-25T22:35:22.485158,172.18.0.3:9100,1.7600000000001188,22.871345143557733,3030.241051862673,2817.5310445580712
2026-02-25T22:35:22.485158,172.18.0.4:9100,1.4697060587880628,22.873951593217413,3002.1914606084956,2835.713503049783
2026-02-25T22:35:22.485158,172.18.0.2:9100,1.6199999999996635,22.85896450767424,3647.7790687282154,2744.03431942086
2026-02-25T22:35:22.485158,172.18.0.6:9100,1.7300000000001035,22.8682875776108,19812.368738549536,17798.78457482461
2026-02-25T22:35:22.485158,172.18.0.5:9100,1.6396720655865522,22.86202207362118,3631.618928459717,2734.0810581348587
2026-02-25T22:35:27.488766,172.18.0.3:9100,1.1902380476096681,22.882472678643307,4385.418949521513,2834.136898239462
2026-02-25T22:35:27.488766,172.18.0.4:9100,1.4697060587880628,22.873951593217413,4070.05,3149.4500000000003
2026-02-25T22:35:27.488766,172.18.0.2:9100,1.3500000000002501,22.882773422834802,3522.3182866666666,2650.9651466666664
2026-02-25T22:35:27.488766,172.18.0.6:9100,1.2699999999999818,22.885730740717904,19099.041645,17208.92005333333
2026-02-25T22:35:27.488766,172.18.0.5:9100,1.3500000000000227,22.88593123684557,3521.5880800000004,2647.73555
2026-02-25T22:35:32.487937,172.18.0.3:9100,1.4497100579879003,22.872898988547163,3319.2672293108276,3085.596576136955
2026-02-25T22:35:32.487937,172.18.0.4:9100,1.3499999999999233,22.87014216679173,4846.68,3189.6800000000003
2026-02-25T22:35:32.487937,172.18.0.2:9100,1.3200000000001637,22.869941670664062,3498.2400000000002,3068.2000000000003
2026-02-25T22:35:32.487937,172.18.0.6:9100,1.329999999999714,22.87309948467483,21244.36,19825.44
2026-02-25T22:35:32.487937,172.18.0.5:9100,1.3200000000002632,22.869941670664062,3492.08,3065.28
2026-02-25T22:35:37.486791,172.18.0.3:9100,32.32350925291303,22.885329748462567,4391.97655248214,2835.207913537278
2026-02-25T22:35:37.486791,172.18.0.4:9100,1.460000000000278,22.86603199617453,3494.2259093295334,2706.961853573988
2026-02-25T22:35:37.486791,172.18.0.2:9100,1.369999999999763,22.869891546632136,4083.7000000000003,3072.25
2026-02-25T22:35:37.486791,172.18.0.6:9100,1.340000000000373,22.872848864515237,21130.9,19200.75
2026-02-25T22:35:37.486791,172.18.0.5:9100,1.3899999999998727,22.86673373262137,4066.746662666866,3063.346832658367
2026-02-25T22:35:42.487277,172.18.0.3:9100,1.5203040608124638,22.88312429105822,3035.062651132118,2806.111233238074
2026-02-25T22:35:42.487277,172.18.0.4:9100,32.355360570331726,22.89299872534587,3658.2641847947966,2816.505943036555
2026-02-25T22:35:42.487277,172.18.0.2:9100,32.398903358464764,22.892848353250116,3639.4258802422064,2742.4086117963666
2026-02-25T22:35:42.487277,172.18.0.6:9100,32.47429746401653,22.892697981154363,18625.206081699944,17532.0021982048
2026-02-25T22:35:42.487277,172.18.0.5:9100,32.44002741603833,22.892848353250116,3645.615608880915,2744.157882933393
2026-02-25T22:35:47.487302,172.18.0.3:9100,1.109999999999772,22.880317345270875,4421.301384919762,2845.4239026892355
2026-02-25T22:35:47.487302,172.18.0.4:9100,1.3497300539890205,22.890041407462768,3650.908275398071,2813.05225386858
2026-02-25T22:35:47.487302,172.18.0.2:9100,1.2800000000000864,22.88653272522858,4240.007327349332,2796.1531416010257
2026-02-25T22:35:47.487302,172.18.0.6:9100,1.2699999999997544,22.892848353250116,19908.481406851075,17475.361787873237
2026-02-25T22:35:47.487302,172.18.0.5:9100,1.2502500500099956,22.892848353250116,4240.272587381842,2794.5335971275736
2026-02-25T22:35:52.491217,172.18.0.3:9100,1.5299999999999727,22.911694989250897,3057.7028759846125,2819.1243817549002
2026-02-25T22:35:52.491217,172.18.0.4:9100,1.1900000000003956,22.893199221473537,3648.486207669881,2804.619869925992
2026-02-25T22:35:52.491217,172.18.0.2:9100,1.3299999999996999,22.878713376249525,3191.866642242169,2806.5213409049275
2026-02-25T22:35:52.491217,172.18.0.6:9100,1.3700000000002461,22.90457737671869,18549.880930573367,17442.645173108627
2026-02-25T22:35:52.491217,172.18.0.5:9100,1.269999999999854,22.878713376249525,3166.3369238660507,2793.2879021030258
2026-02-25T22:35:57.487254,172.18.0.3:9100,1.5299999999999727,22.911694989250897,4431.324418391647,2847.1148562007693
2026-02-25T22:35:57.487254,172.18.0.4:9100,1.5299999999999727,22.92948902058143,3656.7391791881587,2807.2662031845703
2026-02-25T22:35:57.487254,172.18.0.2:9100,1.4200000000000728,22.92808554768775,4248.7268730536725,2802.4180252793553
2026-02-25T22:35:57.487254,172.18.0.6:9100,1.3799999999999955,22.912346601665824,19905.037552665322,17448.28723209379
2026-02-25T22:35:57.487254,172.18.0.5:9100,1.4997000599880295,22.93114311363469,4229.602491298772,2786.3344934969773
2026-02-25T22:36:02.490604,172.18.0.3:9100,1.3197360527896365,22.92643145463449,4112.3,3109.1000000000004
2026-02-25T22:36:02.490604,172.18.0.4:9100,1.3799999999996544,22.9240756251344,4459.38816633083,2918.0069609818647
2026-02-25T22:36:02.490604,172.18.0.2:9100,1.5496900619875902,22.926982818985575,3513.48182883939,2848.1462485345833
2026-02-25T22:36:02.490604,172.18.0.6:9100,1.4499999999996902,22.902221547218595,18562.264150943396,17451.694449532883
2026-02-25T22:36:02.490604,172.18.0.5:9100,1.4402880576115535,22.920867687091707,3171.1365135194546,2791.455997655162
2026-02-25T22:36:07.490578,172.18.0.3:9100,1.6203240648127064,22.924175873198227,3357.454298171927,3092.683707348294
2026-02-25T22:36:07.490578,172.18.0.4:9100,1.5203040608122365,22.930291005092094,3284.56,3100.76
2026-02-25T22:36:07.490578,172.18.0.2:9100,1.4802960592120655,22.92989001283676,4989.04,3105.88
2026-02-25T22:36:07.490578,172.18.0.6:9100,1.490000000000009,22.907284074442202,21593.2,19055.4
2026-02-25T22:36:07.490578,172.18.0.5:9100,1.5096980603880468,22.926832446889833,4644.84,3060.8
2026-02-25T22:36:12.488153,172.18.0.3:9100,1.3400000000002734,22.916256276155345,3516.9852333333333,2657.48215
2026-02-25T22:36:12.488153,172.18.0.4:9100,32.28222039021722,22.92833616784734,4448.509733475089,2923.451992521171
2026-02-25T22:36:12.488153,172.18.0.2:9100,32.485914525216444,22.920867687091707,3522.96806833596,2853.869560435531
2026-02-25T22:36:12.488153,172.18.0.6:9100,32.49037932930182,22.917659749049022,18581.866842645544,17459.744830620322
2026-02-25T22:36:12.488153,172.18.0.5:9100,32.48350742166042,22.917810121144775,3210.6903251823874,2817.6119074678295
2026-02-25T22:36:17.488615,172.18.0.3:9100,32.56149512161599,22.914702431165924,3662.072990079454,2768.3709655698704
2026-02-25T22:36:17.488615,172.18.0.4:9100,1.9199999999998454,22.986079052615693,3082.4504161014775,2882.3550977013597
2026-02-25T22:36:17.488615,172.18.0.2:9100,1.839999999999577,22.878563004153772,5752.575429849322,3022.509806796935
2026-02-25T22:36:17.488615,172.18.0.6:9100,1.9596080783843917,22.881720818164553,19720.09385196319,17390.548814019134
2026-02-25T22:36:17.488615,172.18.0.5:9100,1.959608078383937,22.881720818164553,4260.099714055283,2812.4129334995237
2026-02-25T22:36:22.490186,172.18.0.3:9100,2.009598080384052,22.903675144144188,3654.5764690039055,2758.2708623243707
2026-02-25T22:36:22.490186,172.18.0.4:9100,1.9099999999999824,22.884628012015728,4521.574953257322,2970.744583348608
2026-02-25T22:36:22.490186,172.18.0.2:9100,2.620000000000701,22.847586352429083,4720.313817501924,3038.4206474319017
2026-02-25T22:36:22.490186,172.18.0.6:9100,1.9596080783843917,22.881720818164553,18631.68290164744,17042.240876240066
2026-02-25T22:36:22.490186,172.18.0.5:9100,2.5000000000004547,22.850694042407937,3823.7709425523326,2907.577812809326
2026-02-25T22:36:27.490046,172.18.0.3:9100,2.460492098419593,22.87214712806841,3647.2595053193877,2752.2108003770704
2026-02-25T22:36:27.490046,172.18.0.4:9100,3.200640128025171,22.862473189908428,3644.8159554186827,2958.754949406071
2026-02-25T22:36:27.490046,172.18.0.2:9100,2.620000000000701,22.847586352429083,5125.875381576586,2981.4598671215663
2026-02-25T22:36:27.490046,172.18.0.6:9100,2.650530106021151,22.872347624196077,19891.991380858326,17877.760818818464
2026-02-25T22:36:27.490046,172.18.0.5:9100,2.5000000000004547,22.850694042407937,4424.050632911393,2871.981326869558
2026-02-25T22:36:32.492583,172.18.0.3:9100,2.0999999999996675,22.906281593803868,4413.315247277926,2826.4838508633643
2026-02-25T22:36:32.492583,172.18.0.4:9100,1.2697460507900615,22.906131221708115,5465.503336021703,3096.3047144218785
2026-02-25T22:36:32.492583,172.18.0.2:9100,2.0604120824161782,22.9037252681761,5124.438857963729,2978.676602621656
2026-02-25T22:36:32.492583,172.18.0.6:9100,1.9096180763846036,22.903574896080347,19905.373254926606,17888.809085603985
2026-02-25T22:36:32.492583,172.18.0.5:9100,2.1499999999999773,22.903625020112273,4415.002020020649,2861.695919558289
2026-02-25T22:36:37.493153,172.18.0.3:9100,1.5696860627880937,22.92101805918746,3052.7164748148693,2813.586040032261
2026-02-25T22:36:37.493153,172.18.0.4:9100,1.8503700740153874,22.917108384697936,4600.184007360294,3304.0121604864194
2026-02-25T22:36:37.493153,172.18.0.2:9100,1.7399999999997817,22.924526741421648,5714.152857017851,2998.8248818690936
2026-02-25T22:36:37.493153,172.18.0.6:9100,1.7503500700142212,22.921218555315125,19369.739153333332,17430.945546666666
2026-02-25T22:36:37.493153,172.18.0.5:9100,1.6703340668131688,22.921469175474705,4324.191088333334,2809.4332583333335
2026-02-25T22:36:42.491259,172.18.0.3:9100,1.7903580716138237,22.931443857826196,4832.68,3113.08
2026-02-25T22:36:42.491259,172.18.0.4:9100,1.8503700740153874,22.917108384697936,4600.184007360294,3304.0121604864194
2026-02-25T22:36:42.491259,172.18.0.2:9100,1.5796840631873295,22.932346090400703,6603.52,3344.56
2026-02-25T22:36:42.491259,172.18.0.6:9100,1.6296740651870891,22.92923840042185,22529.618815247395,19785.568577256912
2026-02-25T22:36:42.491259,172.18.0.5:9100,1.619676064786745,22.93540365634763,5981.160753569858,3260.9495620175194
2026-02-27T19:52:35.900862,172.18.0.3:9100,92.46194379391154,43.79515249029471,4669.797257006559,3141.510137149672
2026-02-27T19:52:35.900862,172.18.0.2:9100,91.85450819672589,43.792896902074894,4409.975724820226,3015.9849768698764
2026-02-27T19:52:35.900862,172.18.0.7:9100,92.43266978922439,43.79530286284269,3348.6508646392367,3029.6288014311267
2026-02-27T19:52:35.900862,172.18.0.6:9100,91.05679156908047,43.77720803290151,15611.350311469403,14576.080982044705
2026-02-27T19:52:35.900862,172.18.0.4:9100,93.41874084919623,43.7563563729139,4038.908765652952,3039.803220035778
2026-02-27T19:52:40.881513,172.18.0.3:9100,89.64828137490314,43.864624607465,5838.978945407118,3165.0456493385504
2026-02-27T19:52:40.881513,172.18.0.2:9100,89.90999999999622,43.86743156169409,4466.08345165575,3042.275454587093
2026-02-27T19:52:40.881513,172.18.0.7:9100,89.9100000000144,43.85936156828543,4707.629803570762,3050.057773305006
2026-02-27T19:52:40.881513,172.18.0.6:9100,90.61000000000058,43.86637895385819,16764.978013924512,15468.211799193845
2026-02-27T19:52:40.881513,172.18.0.4:9100,89.5279055811187,43.88322067923281,5271.551563489994,3103.2015206291235
2026-02-27T19:52:45.864984,172.18.0.3:9100,89.50370222132756,43.921515554786986,5074.285288307428,3224.1976965224194
2026-02-27T19:52:45.864984,172.18.0.2:9100,89.76795359071858,43.92181629988296,3870.6022659511027,3086.762075134168
2026-02-27T19:52:45.864984,172.18.0.7:9100,89.2621475704843,43.921716051517635,3897.771317829457,3079.0846750149076
2026-02-27T19:52:45.864984,172.18.0.6:9100,90.7300000000032,43.92522474430402,18528.67350677904,16387.183950164894
2026-02-27T19:52:45.864984,172.18.0.4:9100,89.2421515696913,43.921415306421665,4427.325581395349,3102.8249850924267
2026-02-27T19:52:50.881616,172.18.0.3:9100,87.72754550910867,43.95444714279628,5607.5581395348845,3126.6398330351817
2026-02-27T19:52:50.881616,172.18.0.2:9100,88.44999999999709,43.94517416900371,5031.529516994633,3105.806499701848
2026-02-27T19:52:50.881616,172.18.0.7:9100,87.95759151830643,43.954547391161604,5220.863926055683,3079.236703812754
2026-02-27T19:52:50.881616,172.18.0.6:9100,88.52999999999884,43.96116378327306,19566.782704287285,17169.292781238546
2026-02-27T19:52:50.881616,172.18.0.4:9100,87.02000000000044,43.951339443471205,5076.736732259989,3114.6765056648783
2026-02-27T19:52:55.908174,172.18.0.3:9100,88.39999999999418,43.99143878960123,4454.308288610614,3128.6150864639235
2026-02-27T19:52:55.908174,172.18.0.2:9100,87.01259748049866,43.99474698565696,3901.498211091234,3123.1365533691114
2026-02-27T19:52:55.908174,172.18.0.7:9100,88.11999999998807,43.99474698565696,3876.416219439475,3060.1520572450804
2026-02-27T19:52:55.908174,172.18.0.6:9100,86.6200000000099,43.991789658879874,19761.98107,17267.581866666667
2026-02-27T19:52:55.908174,172.18.0.4:9100,88.74450219911832,43.9882809660935,3860.949612403101,3063.0590339892665
2026-02-27T19:53:00.861767,172.18.0.3:9100,88.29234153169817,44.0284304364062,5367.625294988201,3266.7493300267993
2026-02-27T19:53:00.861767,172.18.0.2:9100,89.34786957390969,44.02231528612136,5049.961998479939,3303.412136485459
2026-02-27T19:53:00.861767,172.18.0.7:9100,88.33100419245852,44.028630933136846,5559.878443760246,3279.1794953816625
2026-02-27T19:53:00.861767,172.18.0.6:9100,89.47999999999593,44.019207586796284,23045.319999999996,19713.52
2026-02-27T19:53:00.861767,172.18.0.4:9100,87.91966426858498,44.00652616858266,5407.222266656003,3309.4457330240743
