2026-02-20T20:37:48.558083,172.18.0.7:9100,16.19000000000004,26.051026290067913,3390.32,3175.96
2026-02-20T20:37:48.558083,172.18.0.6:9100,16.200000000002532,26.051026290067913,15923.52,15712.24
2026-02-20T20:37:48.558083,172.18.0.2:9100,16.246750649868687,26.051026290067913,3379.76,3178.92
2026-02-20T20:37:48.558083,172.18.0.3:9100,16.180000000000277,26.05117666223904,4140.0,3181.4
2026-02-20T20:37:48.558083,172.18.0.4:9100,16.146770645870944,26.051126538182,4148.400000000001,3218.65
2026-02-20T20:37:53.552465,172.18.0.7:9100,34.75960790415425,26.098944888599284,4648.327531406084,3018.162554866051
2026-02-20T20:37:53.552465,172.18.0.6:9100,34.73086496577379,26.098995012656324,17564.704101710307,15749.810806720145
2026-02-20T20:37:53.552465,172.18.0.2:9100,34.715308027380715,26.100749354652763,4633.26774632965,3022.059936431058
2026-02-20T20:37:53.552465,172.18.0.3:9100,34.77753578095766,26.094584095636698,4465.377629786591,2999.6216134402903
2026-02-20T20:37:53.552465,172.18.0.4:9100,34.75960790415459,26.09448384752262,4700.041624096569,3096.151663071859
2026-02-20T20:37:58.545944,172.18.0.7:9100,16.340000000000146,26.135485326182305,3217.3156241722486,3002.497445794075
2026-02-20T20:37:58.545944,172.18.0.6:9100,16.413282656531592,26.12926994310919,16914.825185409416,16357.310428333585
2026-02-20T20:37:58.545944,172.18.0.2:9100,16.333266653331023,26.138593017718858,3188.8905706069318,3001.5892235507795
2026-02-20T20:37:58.545944,172.18.0.3:9100,16.350000000000833,26.124758777975487,3350.1456733134055,2993.7190207726358
2026-02-20T20:37:58.545944,172.18.0.4:9100,16.450000000000713,26.124758777975487,3187.3462746433574,2995.8754304309987
2026-02-20T20:38:03.538685,172.18.0.7:9100,15.930000000000746,26.190822285155757,4644.089601937339,3014.265173301045
2026-02-20T20:38:03.538685,172.18.0.6:9100,15.879999999999654,26.193980100749357,19323.116509630305,17160.782533015477
2026-02-20T20:38:03.538685,172.18.0.2:9100,15.886822635472356,26.190621788927594,4641.213864083547,3035.03859542909
2026-02-20T20:38:03.538685,172.18.0.3:9100,15.913182636528035,26.185559259166435,4488.402013092671,3007.416657206645
2026-02-20T20:38:03.538685,172.18.0.4:9100,15.826834633072423,26.185559259166435,4686.506735280762,3075.9043438777053
2026-02-20T20:38:08.536257,172.18.0.7:9100,16.343268653730874,26.248364702639027,3208.431090592598,3001.551502308333
2026-02-20T20:38:08.536257,172.18.0.6:9100,16.34673065386916,26.254479837598055,18667.85227788709,17753.897381565006
2026-02-20T20:38:08.536257,172.18.0.2:9100,16.423284656931884,26.25077065737701,3196.609656425004,2999.2810655365524
2026-02-20T20:38:08.536257,172.18.0.3:9100,16.276744651068626,26.2468609809278,3344.861510519146,3011.994853942788
2026-02-20T20:38:08.536257,172.18.0.4:9100,16.35999999999966,26.2468609809278,3176.85118619698,2977.7138749101364
2026-02-20T20:38:13.541814,172.18.0.7:9100,16.136772645469875,26.30179694744492,4657.358005070572,3021.1904491618425
2026-02-20T20:38:13.541814,172.18.0.6:9100,16.100000000000364,26.297436154482345,21038.746783714243,18511.881337974875
2026-02-20T20:38:13.541814,172.18.0.2:9100,16.106778644271756,26.285306132678375,4646.776146511275,3039.3900408657482
2026-02-20T20:38:13.541814,172.18.0.3:9100,16.069999999999254,26.28370216285306,4495.270168003632,3019.7896170728013
2026-02-20T20:38:13.541814,172.18.0.4:9100,15.999999999999986,26.283902659081228,4694.49069169063,3078.212501891933
2026-02-20T20:38:18.547680,172.18.0.7:9100,16.05000000000109,26.32921480664645,3395.32,3175.0
2026-02-20T20:38:18.547680,172.18.0.6:9100,16.09999999999991,26.329365178817575,20548.6,19371.84
2026-02-20T20:38:18.547680,172.18.0.2:9100,16.1232246449284,26.324904137740912,3419.9767990719624,3212.5285011400456
2026-02-20T20:38:18.547680,172.18.0.3:9100,16.210000000000946,26.33277361469637,3556.4800000000005,3174.52
2026-02-20T20:38:18.547680,172.18.0.4:9100,16.139999999999418,26.33277361469637,3337.5064997400104,3145.154193832247
2026-02-20T20:38:23.554044,172.18.0.7:9100,35.69015814524694,26.347159219067194,4623.128276694452,3010.1836834760306
2026-02-20T20:38:23.554044,172.18.0.6:9100,35.621065561185574,26.34730959123831,20961.869201176734,18398.35558572829
2026-02-20T20:38:23.554044,172.18.0.2:9100,35.67480423767816,26.350116538432623,4668.879417644175,3056.538301965074
2026-02-20T20:38:23.554044,172.18.0.3:9100,16.019999999999072,26.347459963409435,4756.400000000001,3193.8
2026-02-20T20:38:23.554044,172.18.0.4:9100,16.110000000000582,26.347459963409435,4950.241990320387,3249.1900323987043
2026-02-20T20:38:28.552094,172.18.0.7:9100,16.260000000000687,26.3672589659407,3186.172820880323,2978.2748085844682
2026-02-20T20:38:28.552094,172.18.0.6:9100,16.28999999999907,26.362096188065465,19479.821980840312,18334.502526966884
2026-02-20T20:38:28.552094,172.18.0.2:9100,16.256748650268833,26.361043582867595,3221.2876701995247,3023.309319956248
2026-02-20T20:38:28.552094,172.18.0.3:9100,35.7208659603876,26.359339364928204,3316.1348721430186,2964.7356113751225
2026-02-20T20:38:28.552094,172.18.0.4:9100,35.743896821741274,26.35908874464299,3166.635235544827,2981.971108512805
2026-02-20T20:38:33.547515,172.18.0.7:9100,16.090000000000146,26.35868775218666,4624.764275477106,3007.279173266953
2026-02-20T20:38:33.547515,172.18.0.6:9100,16.143228645730375,26.35969023332748,20966.505733252863,18394.990947495473
2026-02-20T20:38:33.547515,172.18.0.2:9100,16.093218643731603,26.34670810255382,5172.745445630446,3102.4780296458343
2026-02-20T20:38:33.547515,172.18.0.3:9100,16.25999999999975,26.357133906418383,4499.603967864821,2994.8327235695697
2026-02-20T20:38:33.547515,172.18.0.4:9100,16.25,26.348111576150977,4672.198544110436,3064.685248745898
2026-02-20T20:38:38.536722,172.18.0.7:9100,16.40000000000009,26.33427733640761,3189.1524912307173,2993.2108776826462
2026-02-20T20:38:38.536722,172.18.0.6:9100,16.400000000000105,26.33427733640761,19501.09384429692,18376.885938442967
2026-02-20T20:38:38.536722,172.18.0.2:9100,16.30673865226771,26.33427733640761,3716.6672952891035,3065.5150303624637
2026-02-20T20:38:38.536722,172.18.0.3:9100,16.26999999999954,26.33883862559836,3314.6758194093463,2954.890053935805
2026-02-20T20:38:38.536722,172.18.0.4:9100,16.28999999999995,26.33623217463221,3176.7434843284427,2979.745785086561
2026-02-20T20:38:43.539654,172.18.0.7:9100,15.860000000000142,26.330417784015438,4624.22207973447,3005.8839060083733
2026-02-20T20:38:43.539654,172.18.0.6:9100,15.896820635872032,26.33422721235057,20980.613284049337,18437.483498661037
2026-02-20T20:38:43.539654,172.18.0.2:9100,16.01000000000022,26.332272374125964,5125.782605416006,3060.3831937844157
2026-02-20T20:38:43.539654,172.18.0.3:9100,15.980000000000473,26.342848550161648,4483.234639610757,3008.2978161656547
2026-02-20T20:38:43.539654,172.18.0.4:9100,15.883176635326706,26.34455276810105,4673.242305371152,3065.291188895594
2026-02-20T20:38:48.546122,172.18.0.7:9100,16.190000000000055,26.344252023758806,3388.92,3167.52
2026-02-20T20:38:48.546122,172.18.0.6:9100,15.983196639328753,26.34124458033633,20628.54514180567,19450.898035921437
2026-02-20T20:38:48.546122,172.18.0.2:9100,16.01000000000022,26.332272374125964,4794.1102944852755,3237.58812059397
2026-02-20T20:38:48.546122,172.18.0.3:9100,15.94000000000051,26.333324979323823,3306.528872628522,2957.643420208954
2026-02-20T20:38:48.546122,172.18.0.4:9100,15.986802639471904,26.334728452920974,3149.6624297514427,2966.997322068419
2026-02-20T20:38:53.559195,172.18.0.7:9100,15.919999999999163,26.369765168792757,4916.4400000000005,3190.32
2026-02-20T20:38:53.559195,172.18.0.6:9100,16.149999999999636,26.373023232500437,22256.45025801032,19557.182287291493
2026-02-20T20:38:53.559195,172.18.0.2:9100,16.093218643728875,26.36941430039348,3903.92,3218.08
2026-02-20T20:38:53.559195,172.18.0.3:9100,16.24999999999953,26.373323976842688,4754.16,3193.84
2026-02-20T20:38:53.559195,172.18.0.4:9100,16.270000000000437,26.373323976842688,4955.96,3256.44
2026-02-20T20:38:58.558118,172.18.0.7:9100,15.919999999999163,26.369765168792757,3624.93399,2761.9128666666666
2026-02-20T20:38:58.558118,172.18.0.6:9100,34.85342019543903,26.397584020450616,19603.508904601655,18466.971679207472
2026-02-20T20:38:58.558118,172.18.0.2:9100,16.016796640672794,26.3791884915165,3659.184998041765,2796.9863225588724
2026-02-20T20:38:58.558118,172.18.0.3:9100,34.85882717964628,26.388361193955035,3144.1427815170537,2949.746653558194
2026-02-20T20:38:58.558118,172.18.0.4:9100,34.88985417313094,26.397834640735816,3168.7589805641683,2992.4752325493455
2026-02-20T20:39:03.546735,172.18.0.7:9100,35.047308825810106,26.406907095060273,3863.104396885345,2946.0064344663588
2026-02-20T20:39:03.546735,172.18.0.6:9100,34.85342019543903,26.397584020450616,20076.23443838299,18225.57933510514
2026-02-20T20:39:03.546735,172.18.0.2:9100,34.94957331264446,26.401443572842787,3887.992539053392,2961.436232221963
2026-02-20T20:39:03.546735,172.18.0.3:9100,16.620000000001255,26.414275331445324,4497.201845269606,3017.3939348105573
2026-02-20T20:39:03.546735,172.18.0.4:9100,16.57331466293182,26.414175083331248,4983.248251087162,3110.833806012479
2026-02-20T20:39:08.537848,172.18.0.7:9100,16.600000000001728,26.43587880003008,4254.674313423789,2989.788781647783
2026-02-20T20:39:08.537848,172.18.0.6:9100,16.760000000000232,26.43587880003008,21729.73981161988,19082.719388230904
2026-02-20T20:39:08.537848,172.18.0.2:9100,16.72665466906669,26.443948773213698,3885.200037302993,2968.012683017812
2026-02-20T20:39:08.537848,172.18.0.3:9100,16.059999999999036,26.429312548557682,3147.697194282689,2946.192240792558
2026-02-20T20:39:08.537848,172.18.0.4:9100,16.026794641072,26.42911205232952,3482.8146859757253,3025.106817408402
2026-02-20T20:39:13.542291,172.18.0.7:9100,16.10322064412736,26.43783363825468,4257.670428051851,3000.979203581087
2026-02-20T20:39:13.542291,172.18.0.6:9100,16.08999999999969,26.437933886368757,21712.96684851028,19059.915139646568
2026-02-20T20:39:13.542291,172.18.0.2:9100,16.103220644128243,26.44074083356307,3876.6203487829894,2960.5520843047652
2026-02-20T20:39:13.542291,172.18.0.3:9100,16.270000000000422,26.4115686323651,4836.912954700144,3047.530817514936
2026-02-20T20:39:13.542291,172.18.0.4:9100,16.026794641072,26.42911205232952,4266.296745313811,3043.131586309801
2026-02-20T20:39:18.555146,172.18.0.7:9100,16.07000000000062,26.420590962632517,4274.270260188379,3009.652149585004
2026-02-20T20:39:18.555146,172.18.0.6:9100,16.10000000000082,26.420590962632517,21595.04825849769,18958.409101506037
2026-02-20T20:39:18.555146,172.18.0.2:9100,16.13677264547171,26.415979549384726,3914.0632285740926,2991.9332276415184
2026-02-20T20:39:18.555146,172.18.0.3:9100,16.270000000000422,26.4115686323651,4278.280331996642,2991.9798563834743
2026-02-20T20:39:18.555146,172.18.0.4:9100,16.26000000000066,26.421042079145884,4275.109577543597,3039.494544437191
2026-02-20T20:39:23.565157,172.18.0.7:9100,16.1467706458714,26.39948873461818,4017.8509999999997,2830.1748533333334
2026-02-20T20:39:23.565157,172.18.0.6:9100,16.05321064212903,26.39457657702814,20427.679177708884,17963.119419095954
2026-02-20T20:39:23.565157,172.18.0.2:9100,15.940000000000055,26.40349865918148,3244.573848597141,3021.2130378885277
2026-02-20T20:39:23.565157,172.18.0.3:9100,16.079999999999913,26.392020250119042,4587.6,3209.4
2026-02-20T20:39:23.565157,172.18.0.4:9100,16.10322064412962,26.389814791609233,4610.380519025951,3280.3140157007847
2026-02-20T20:39:28.557287,172.18.0.7:9100,16.113222644528108,26.39061677652189,5246.969878795152,3218.648745949838
2026-02-20T20:39:28.557287,172.18.0.6:9100,16.23675264946901,26.393373599659153,23667.68,20324.2
2026-02-20T20:39:28.557287,172.18.0.2:9100,16.130000000001004,26.387358712814212,4924.443022279109,3205.431782728691
2026-02-20T20:39:28.557287,172.18.0.3:9100,16.169999999999177,26.401894689356155,5302.2,3243.76
2026-02-20T20:39:28.557287,172.18.0.4:9100,16.266746650668964,26.399989975188586,5307.52,3297.16
2026-02-20T20:39:33.572500,172.18.0.7:9100,35.00464252553461,26.386255983559316,3202.146555307811,2989.6451381278107
2026-02-20T20:39:33.572500,172.18.0.6:9100,34.9326729608417,26.386255983559316,20035.879036391594,18285.354829691067
2026-02-20T20:39:33.572500,172.18.0.2:9100,35.149357684567065,26.397533896393576,3221.495786251464,3017.270700275877
2026-02-20T20:39:33.572500,172.18.0.3:9100,15.85000000000035,26.384702137791027,4116.805896666666,2884.7541
2026-02-20T20:39:33.572500,172.18.0.4:9100,15.779999999999745,26.383749780707255,3756.2963899999995,2882.565501666667
2026-02-20T20:39:38.542067,172.18.0.7:9100,16.04999999999835,26.41482669607278,4633.701156375179,2996.9767969163327
2026-02-20T20:39:38.542067,172.18.0.6:9100,16.100000000001273,26.411719004536227,21031.215751483312,18531.121272816596
2026-02-20T20:39:38.542067,172.18.0.2:9100,15.870000000002165,26.417834139495255,4673.040586501398,3038.6592094323937
2026-02-20T20:39:38.542067,172.18.0.3:9100,35.14935768456881,26.40405002380892,3884.2085643725827,2969.060155631145
2026-02-20T20:39:38.542067,172.18.0.4:9100,35.08744776350437,26.403949775694848,3866.129257723312,2966.450771166302
2026-02-20T20:39:43.544531,172.18.0.7:9100,15.973194638928462,26.43156813112454,3177.0530214277615,2972.752352518801
2026-02-20T20:39:43.544531,172.18.0.6:9100,15.899999999998727,26.43156813112454,19607.913533124218,18527.15316881448
2026-02-20T20:39:43.544531,172.18.0.2:9100,16.009999999999764,26.431467883010452,3162.956804353577,2969.2755375836136
2026-02-20T20:39:43.544531,172.18.0.3:9100,15.920000000000044,26.432119495751984,3876.566795582685,2963.8413867014588
2026-02-20T20:39:43.544531,172.18.0.4:9100,15.929999999998472,26.432019247637907,3857.8417668437237,2953.5923958624544
2026-02-20T20:39:48.548034,172.18.0.7:9100,16.376724655069125,26.41372396681787,4450.020785306678,2978.4210725218245
2026-02-20T20:39:48.548034,172.18.0.6:9100,16.34326865373086,26.40425052003709,21062.05358829976,18543.290125089756
2026-02-20T20:39:48.548034,172.18.0.2:9100,16.319999999998785,26.40695721911731,4617.474774195986,3008.956577604776
2026-02-20T20:39:48.548034,172.18.0.3:9100,16.40000000000053,26.404300644094135,3863.7994501654166,2965.9848096547225
2026-02-20T20:39:48.548034,172.18.0.4:9100,16.490000000001146,26.404200395980048,4655.468218577583,3033.7087143828885
2026-02-20T20:39:53.557547,172.18.0.7:9100,15.923184636927886,26.41437557955941,3181.663580363553,2976.3803333207356
2026-02-20T20:39:53.557547,172.18.0.6:9100,16.036792641472147,26.415227688529107,19502.475341067984,18377.461169267975
2026-02-20T20:39:53.557547,172.18.0.2:9100,16.013202640529215,26.416280293726977,3149.7732426303855,2952.003023431595
2026-02-20T20:39:53.557547,172.18.0.3:9100,15.90999999999849,26.41377409087492,3156.947961150372,2961.94399304637
2026-02-20T20:39:53.557547,172.18.0.4:9100,15.88000000000011,26.414676323901652,3148.8983787460793,2954.650239975813
2026-02-20T20:39:58.569330,172.18.0.7:9100,16.019999999999072,26.40349865918148,4715.548621944878,3160.966438657546
2026-02-20T20:39:58.569330,172.18.0.6:9100,16.010000000000673,26.40665647477507,22248.96,19550.68
2026-02-20T20:39:58.569330,172.18.0.2:9100,15.996800639871594,26.403398411067393,4890.400000000001,3179.6
2026-02-20T20:39:58.569330,172.18.0.3:9100,16.15000000000144,26.406806846946196,4658.70526435131,3039.9077888212837
2026-02-20T20:39:58.569330,172.18.0.4:9100,16.129999999999654,26.406806846946196,4659.309927818299,3037.6780922867615
2026-02-20T20:40:03.572592,172.18.0.7:9100,16.0600000000004,26.40344853512443,3375.17500700028,3160.566422656906
2026-02-20T20:40:03.572592,172.18.0.6:9100,16.04999999999835,26.406004862033527,20715.28,19524.92
2026-02-20T20:40:03.572592,172.18.0.2:9100,16.05999999999949,26.40981429036866,3333.44,3130.12
2026-02-20T20:40:03.572592,172.18.0.3:9100,15.929999999999836,26.411217763965812,3327.92,3132.88
2026-02-20T20:40:03.572592,172.18.0.4:9100,15.940000000000055,26.408460940828547,3333.28,3129.12
2026-02-20T20:40:08.550214,172.18.0.7:9100,35.507692307692906,26.39848625347736,4461.169811320755,3001.7358490566035
2026-02-20T20:40:08.550214,172.18.0.6:9100,35.54392983536053,26.39948873461818,20799.46413072192,18409.562625004717
2026-02-20T20:40:08.550214,172.18.0.2:9100,35.48238190490869,26.396180546853465,4652.100079248274,3032.605003962414
2026-02-20T20:40:08.550214,172.18.0.3:9100,35.607692307692616,26.399388486504094,4661.207547169812,3054.0377358490564
2026-02-20T20:40:08.550214,172.18.0.4:9100,35.605477765810264,26.3985363775344,4645.043209177705,3030.6426657609722
2026-02-20T20:40:13.545865,172.18.0.7:9100,16.26325265052941,26.431317510839325,3326.7039021812966,2980.8287417918336
2026-02-20T20:40:13.545865,172.18.0.6:9100,16.309999999999036,26.43221974386607,19556.905660377353,18446.67924528302
2026-02-20T20:40:13.545865,172.18.0.2:9100,16.309999999999476,26.412921981905214,3155.137929733198,2955.5832295558325
2026-02-20T20:40:13.545865,172.18.0.3:9100,16.183236647328826,26.42936267261472,3162.7231216272307,2973.2442733688067
2026-02-20T20:40:13.545865,172.18.0.4:9100,16.18999999999869,26.429262424500642,3159.1758179553945,2958.7531604966225
2026-02-20T20:40:18.552235,172.18.0.7:9100,16.080000000000382,26.41056615122428,4479.565266613834,3009.698479187894
2026-02-20T20:40:18.552235,172.18.0.6:9100,16.03320664132889,26.41056615122428,20834.553551211415,18468.261755604195
2026-02-20T20:40:18.552235,172.18.0.2:9100,16.09321864372842,26.404200395980048,4676.667044039398,3040.114721310238
2026-02-20T20:40:18.552235,172.18.0.3:9100,16.139999999999887,26.418134883837496,4668.930903052946,3050.6811577795393
2026-02-20T20:40:18.552235,172.18.0.4:9100,16.190000000001888,26.41803463572342,4656.402128382202,3040.5298313143894
2026-02-20T20:40:23.555948,172.18.0.7:9100,16.24999999999956,26.394676825142227,3330.46530057738,2979.0558134269218
2026-02-20T20:40:23.555948,172.18.0.6:9100,16.256748650269728,26.4073080875166,19489.452432167254,18386.20325295294
2026-02-20T20:40:23.555948,172.18.0.2:9100,16.330000000000382,26.390165660008524,3183.4478073816895,2956.6004981508036
2026-02-20T20:40:23.555948,172.18.0.3:9100,16.06999999999927,26.41668128618331,3170.761160798521,2964.489226008529
2026-02-20T20:40:23.555948,172.18.0.4:9100,16.059999999999036,26.41668128618331,3149.5528133137095,2956.3379750179256
2026-02-20T20:40:28.569018,172.18.0.7:9100,16.686662667467488,26.59241623016967,4462.11320754717,2997.2452830188677
2026-02-20T20:40:28.569018,172.18.0.6:9100,16.459999999999127,26.4354276835167,20830.333220121516,18475.414166572325
2026-02-20T20:40:28.569018,172.18.0.2:9100,16.786642671465714,26.45627929124583,4676.553832220084,3036.4542058190877
2026-02-20T20:40:28.569018,172.18.0.3:9100,16.69000000000098,26.418435628179747,4667.232725763237,3044.718668629005
2026-02-20T20:40:28.569018,172.18.0.4:9100,16.626674665067583,26.419638605548734,4668.301886792453,3035.4716981132074
2026-02-20T20:40:33.572881,172.18.0.7:9100,16.463292658531287,26.423648530112033,3517.020680827233,3131.5252610104403
2026-02-20T20:40:33.572881,172.18.0.6:9100,16.560000000000386,26.417433147038928,20900.64,19592.120000000003
2026-02-20T20:40:33.572881,172.18.0.2:9100,16.2632526505312,26.42515225182326,3363.694547781911,3140.565622624905
2026-02-20T20:40:33.572881,172.18.0.3:9100,16.45999999999958,26.411819252650314,3341.4936597463898,3126.085043401736
2026-02-20T20:40:33.572881,172.18.0.4:9100,16.513302660532304,26.410766647452444,3350.88,3131.8
2026-02-20T20:40:38.558952,172.18.0.7:9100,35.23219814241499,26.448209318062197,4491.232048374905,3011.2244897959185
2026-02-20T20:40:38.558952,172.18.0.6:9100,35.33281733746185,26.44921179920303,20834.27815570673,18482.91761148904
2026-02-20T20:40:38.558952,172.18.0.2:9100,35.20897832817404,26.439487732137035,4693.677009713141,3049.2837975736043
2026-02-20T20:40:38.558952,172.18.0.3:9100,16.40999999999893,26.438535375053252,4950.8,3228.4
2026-02-20T20:40:38.558952,172.18.0.4:9100,16.440000000000055,26.438535375053252,4937.68,3206.0
2026-02-20T20:40:43.553242,172.18.0.7:9100,16.126774645070668,26.441141826019397,3308.4161596311546,2953.5920789085817
2026-02-20T20:40:43.553242,172.18.0.6:9100,16.139999999998977,26.43813438259692,19723.026340652283,18479.649295189145
2026-02-20T20:40:43.553242,172.18.0.2:9100,35.20897832817404,26.439487732137035,3871.0158434296363,2966.0298229263744
2026-02-20T20:40:43.553242,172.18.0.3:9100,35.113794705063626,26.441693190646852,3169.3185683510337,2972.9770588457613
2026-02-20T20:40:43.553242,172.18.0.4:9100,35.061919504643896,26.44244505150247,3178.835978835979,2952.2297808012095
2026-02-20T20:40:48.554389,172.18.0.7:9100,16.373274654930853,26.448309566176288,4490.438397581255,3008.5034013605446
2026-02-20T20:40:48.554389,172.18.0.6:9100,16.390000000000327,26.448359690233325,20836.016628873775,18499.01738473167
2026-02-20T20:40:48.554389,172.18.0.2:9100,16.316736652668283,26.46064008420842,3853.8278738176227,2959.4613484926144
2026-02-20T20:40:48.554389,172.18.0.3:9100,16.29674065187028,26.448760682689652,4679.780801209373,3058.3522297808013
2026-02-20T20:40:48.554389,172.18.0.4:9100,16.359999999999673,26.448760682689652,4650.869236583522,2997.8080120937266
2026-02-20T20:40:53.570332,172.18.0.7:9100,16.373274654930853,26.448309566176288,3856.656880562934,2943.7066032899947
2026-02-20T20:40:53.570332,172.18.0.6:9100,16.040000000000433,26.465802862083653,19661.86696900983,18428.76039304611
2026-02-20T20:40:53.570332,172.18.0.2:9100,16.319999999998785,26.45918648655422,3858.0615097856476,2946.3653308480893
2026-02-20T20:40:53.570332,172.18.0.3:9100,16.169999999998723,26.466053482368867,3174.9055177626606,2975.736961451247
2026-02-20T20:40:53.570332,172.18.0.4:9100,16.130000000000123,26.466053482368867,3164.2541290298195,2948.4107487055444
2026-02-20T20:40:58.553500,172.18.0.7:9100,16.230000000000018,26.475075812636273,3843.802423112768,2943.849021435228
2026-02-20T20:40:58.553500,172.18.0.6:9100,16.040000000000433,26.465802862083653,19963.28052190121,18190.30754892824
2026-02-20T20:40:58.553500,172.18.0.2:9100,16.18323664732928,26.475025688579233,3861.7427772600186,2941.9384902143524
2026-02-20T20:40:58.553500,172.18.0.3:9100,16.323264652931627,26.446906092579137,4673.041309195359,3048.263350844703
2026-02-20T20:40:58.553500,172.18.0.4:9100,16.309999999999945,26.453321971880406,4477.664399092971,2985.1473922902496
2026-02-20T20:41:03.556049,172.18.0.7:9100,16.149999999999636,26.446204355780555,3715.8849,2837.74261
2026-02-20T20:41:03.556049,172.18.0.6:9100,16.389999999999873,26.450164156286814,22604.45,20435.55
2026-02-20T20:41:03.556049,172.18.0.2:9100,16.086782643472375,26.44610410766648,3647.959202664867,2784.346634543273
2026-02-20T20:41:03.556049,172.18.0.3:9100,15.800000000000182,26.4385854991103,3150.9505272308097,2951.7366491552966
2026-02-20T20:41:03.556049,172.18.0.4:9100,15.759999999999764,26.4354276835167,3161.4890400604686,2949.5842781557067
2026-02-20T20:41:08.555742,172.18.0.7:9100,16.026794641072,26.435277311345583,3512.3795048198076,3132.1147154113837
2026-02-20T20:41:08.555742,172.18.0.6:9100,15.919999999998723,26.43221974386607,21768.08,20257.36
2026-02-20T20:41:08.555742,172.18.0.2:9100,15.993198639727694,26.438385002882136,3343.52,3115.36
2026-02-20T20:41:08.555742,172.18.0.3:9100,16.396720655868506,26.459036114383096,4939.442422303108,3214.1914323427063
2026-02-20T20:41:08.555742,172.18.0.4:9100,15.759999999999764,26.4354276835167,4134.650000000001,3159.1000000000004
2026-02-20T20:41:13.564029,172.18.0.7:9100,16.18323664732975,26.464650008771706,3712.4710333333333,2842.575946666667
2026-02-20T20:41:13.564029,172.18.0.6:9100,16.160000000001205,26.464750256885793,20157.56449666667,18263.98485333333
2026-02-20T20:41:13.564029,172.18.0.2:9100,16.30673865227091,26.455176561990925,3924.4500000000003,3149.5
2026-02-20T20:41:13.564029,172.18.0.3:9100,16.396720655868506,26.459036114383096,3594.293135,2753.3044500000005
2026-02-20T20:41:13.564029,172.18.0.4:9100,16.423284656931898,26.47161725270043,3414.4770926046303,2751.0093340083677
2026-02-20T20:41:18.560314,172.18.0.7:9100,35.64957002456971,26.442044059046143,3873.280029750837,2962.6719970249164
2026-02-20T20:41:18.560314,172.18.0.6:9100,35.6166487482724,26.436630660885697,20984.844963042167,19022.31416484589
2026-02-20T20:41:18.560314,172.18.0.2:9100,35.585931500535736,26.448209318062197,3148.3157934442306,2944.6267587039342
2026-02-20T20:41:18.560314,172.18.0.3:9100,35.601290124404755,26.446304603894642,3838.0828413369904,2941.099902375529
2026-02-20T20:41:18.560314,172.18.0.4:9100,35.64957002456971,26.43923711185183,3830.319371484357,2941.4253172795316
2026-02-20T20:41:23.568668,172.18.0.7:9100,16.003200640128,26.450214280343854,3877.179117660731,2964.3438240900005
2026-02-20T20:41:23.568668,172.18.0.6:9100,16.080000000000382,26.459737851181675,19907.256752359255,18210.35749151597
2026-02-20T20:41:23.568668,172.18.0.2:9100,15.980000000000956,26.45642966341696,4506.902534701267,3018.0295715147854
2026-02-20T20:41:23.568668,172.18.0.3:9100,16.190000000000055,26.461492193178117,3860.1245816288583,2967.4600223131274
2026-02-20T20:41:23.568668,172.18.0.4:9100,16.12000000000171,26.461492193178117,3836.083864069546,2958.997722095672
2026-02-20T20:41:28.557422,172.18.0.7:9100,15.770000000000437,26.43617954437232,3333.6728150579006,2972.841462034627
2026-02-20T20:41:28.557422,172.18.0.6:9100,15.826834633071968,26.437482769855393,19956.210487169952,18245.16548902938
2026-02-20T20:41:28.557422,172.18.0.2:9100,15.823164632926705,26.435678303801915,3181.6295737457563,2958.543945680875
2026-02-20T20:41:28.557422,172.18.0.3:9100,15.6899999999996,26.43753289391243,3868.538490145035,2970.5280773521754
2026-02-20T20:41:28.557422,172.18.0.4:9100,15.739999999998417,26.43753289391243,3845.427920598763,2960.066942494537
2026-02-20T20:41:33.561253,172.18.0.7:9100,15.980000000000459,26.426706097591534,4509.996227838551,3025.1603168615616
2026-02-20T20:41:33.561253,172.18.0.6:9100,15.923184636928355,26.43076614621187,20859.03964392139,18567.952925200858
2026-02-20T20:41:33.561253,172.18.0.2:9100,15.996800639872504,26.428761183930227,4524.592637296318,3040.2082076041033
2026-02-20T20:41:33.561253,172.18.0.3:9100,15.900000000000091,26.429813789128087,3854.0746594765465,2961.322114267119
2026-02-20T20:41:33.561253,172.18.0.4:9100,15.90000000000056,26.43893636750959,3848.3637039791747,2960.952026775753
2026-02-20T20:41:38.555131,172.18.0.7:9100,15.97000000000115,26.44003909676449,3358.643581909396,2988.155859831768
2026-02-20T20:41:38.555131,172.18.0.6:9100,15.900000000000105,26.443096664244003,19749.387046886197,18548.07438421787
2026-02-20T20:41:38.555131,172.18.0.2:9100,15.903180636125924,26.453021227538155,3347.566955865711,2985.6280648811767
2026-02-20T20:41:38.555131,172.18.0.3:9100,15.950000000000273,26.439888724593363,3624.903703333334,2783.209261666667
2026-02-20T20:41:38.555131,172.18.0.4:9100,15.919999999999618,26.44324703641513,3597.2125583333336,2764.3389533333334
2026-02-20T20:41:43.561389,172.18.0.7:9100,16.016796640669597,26.496428660935813,4772.76,3206.76
2026-02-20T20:41:43.561389,172.18.0.6:9100,16.159999999999854,26.488609308037393,22103.600000000002,19639.24
2026-02-20T20:41:43.561389,172.18.0.2:9100,15.996800639873427,26.49221824014436,4809.72,3247.12
2026-02-20T20:41:43.561389,172.18.0.3:9100,16.08999999999969,26.469010801734292,4956.92,3228.2000000000003
2026-02-20T20:41:43.561389,172.18.0.4:9100,16.09000000000016,26.47342171875392,4721.84,3174.36
2026-02-20T20:41:48.562533,172.18.0.7:9100,35.912789805005715,26.492569108543652,3321.565965150486,2968.959794825375
2026-02-20T20:41:48.562533,172.18.0.6:9100,35.838194657660665,26.492569108543652,19716.753413291088,18482.348947725728
2026-02-20T20:41:48.562533,172.18.0.2:9100,36.07400583448454,26.495676800080204,3334.1756873986346,2997.020329649606
2026-02-20T20:41:48.562533,172.18.0.3:9100,16.450000000000287,26.489912533520467,3345.12,3125.4
2026-02-20T20:41:48.562533,172.18.0.4:9100,16.49670065986895,26.489812285406376,4189.51241950322,3245.8701651933925
2026-02-20T20:41:53.557422,172.18.0.7:9100,16.199999999999363,26.50294478835117,4493.814588519273,3024.4776344572674
2026-02-20T20:41:53.557422,172.18.0.6:9100,16.280000000000655,26.50083957795544,20791.42307547241,18445.102402594955
2026-02-20T20:41:53.557422,172.18.0.2:9100,16.1067786442713,26.50294478835117,4506.090891947954,3063.4357910616627
2026-02-20T20:41:53.557422,172.18.0.3:9100,35.753761129873894,26.499887220871653,4646.073772346685,3021.7998038771966
2026-02-20T20:41:53.557422,172.18.0.4:9100,35.728542914170745,26.50003759304278,5049.634155540469,3052.7645772044957
2026-02-20T20:41:58.575587,172.18.0.7:9100,16.336732653469483,26.48510062404451,3317.820101829153,2973.2227041297374
2026-02-20T20:41:58.575587,172.18.0.6:9100,16.189999999998236,26.486052981128296,19623.557365919893,18366.221618767442
2026-02-20T20:41:58.575587,172.18.0.2:9100,16.249999999999105,26.488158191524025,3331.824696386814,2994.0785999849136
2026-02-20T20:41:58.575587,172.18.0.3:9100,16.160000000000295,26.47983759805519,3751.565210832013,3009.6175605340572
2026-02-20T20:41:58.575587,172.18.0.4:9100,16.10322064412871,26.481541815994593,3968.845472032588,3080.7151208840946
2026-02-20T20:42:03.556487,172.18.0.7:9100,15.983196639328781,26.491716999573946,4480.727163008221,3014.671494304895
2026-02-20T20:42:03.556487,172.18.0.6:9100,16.050000000000182,26.488609308037393,20791.619521762088,18395.64003922456
2026-02-20T20:42:03.556487,172.18.0.2:9100,15.943188637727573,26.473221222525755,4519.42370068643,3061.4015237233157
2026-02-20T20:42:03.556487,172.18.0.3:9100,15.990000000000677,26.477983007944662,5255.072791732669,3087.3123632797765
2026-02-20T20:42:03.556487,172.18.0.4:9100,16.13677264547036,26.484148266960727,5683.073093460059,3138.5305876140906
2026-02-20T20:42:08.566643,172.18.0.7:9100,16.139999999999404,26.465451993684365,3311.092671519632,2961.377437483499
2026-02-20T20:42:08.566643,172.18.0.6:9100,16.049999999999727,26.538633116964483,19709.474240024138,18418.231877498678
2026-02-20T20:42:08.566643,172.18.0.2:9100,16.436712657469954,26.474724944236982,3346.609338462699,2991.6647808704834
2026-02-20T20:42:08.566643,172.18.0.3:9100,15.939999999999145,26.496378536878773,3744.2483216413966,3007.769480274572
2026-02-20T20:42:08.566643,172.18.0.4:9100,15.81000000000084,26.496328412821736,4579.731462623519,3145.6588971863916
2026-02-20T20:42:13.569684,172.18.0.7:9100,16.866626674665426,26.496378536878773,5397.824087036519,3260.9095636174557
2026-02-20T20:42:13.569684,172.18.0.6:9100,16.88337667533652,26.496378536878773,22079.5631825273,19541.661666466658
2026-02-20T20:42:13.569684,172.18.0.2:9100,16.6899999999996,26.496378536878773,4800.327986880525,3235.390584376625
2026-02-20T20:42:13.569684,172.18.0.3:9100,16.970000000000255,26.488158191524025,5882.552613713509,3173.1160896130345
2026-02-20T20:42:13.569684,172.18.0.4:9100,17.04000000000042,26.488158191524025,5066.646550748689,3062.0827518575793
2026-02-20T20:42:18.582238,172.18.0.7:9100,16.403280656130846,26.529911531039318,4161.36,3206.04
2026-02-20T20:42:18.582238,172.18.0.6:9100,16.42671465706799,26.530011779153405,20921.760000000002,19540.96
2026-02-20T20:42:18.582238,172.18.0.2:9100,16.41000000000031,26.50790706999825,3550.12,3161.88
2026-02-20T20:42:18.582238,172.18.0.3:9100,16.499999999999986,26.527605824415424,4663.84,3288.44
2026-02-20T20:42:18.582238,172.18.0.4:9100,16.399999999998727,26.530763640009024,4200.36,3253.12
2026-02-20T20:42:23.567768,172.18.0.7:9100,36.28601921024621,26.53687877496804,5755.478575193916,3174.2224565102797
2026-02-20T20:42:23.567768,172.18.0.6:9100,36.339381003201545,26.53687877496804,20771.26397831244,18364.095033698555
2026-02-20T20:42:23.567768,172.18.0.2:9100,36.207685269898946,26.500438585499108,4522.441448904286,3045.7112734392654
2026-02-20T20:42:23.567768,172.18.0.3:9100,36.255526757127356,26.543946267010853,5255.694868029669,3092.0968409955194
2026-02-20T20:42:23.567768,172.18.0.4:9100,36.331757889922955,26.543846018896765,5080.384036144579,3056.0617469879517
2026-02-20T20:42:28.562908,172.18.0.7:9100,16.399999999998272,26.48294528959174,4566.96411762491,3114.010316653488
2026-02-20T20:42:28.562908,172.18.0.6:9100,16.360000000000113,26.47978747399815,19605.519786136523,18328.024398508976
2026-02-20T20:42:28.562908,172.18.0.2:9100,16.43671265746903,26.489260920778925,3343.4864457831322,2980.6475903614455
2026-02-20T20:42:28.562908,172.18.0.3:9100,16.47000000000027,26.479937846169264,3828.3820926992735,3060.770360329832
2026-02-20T20:42:28.562908,172.18.0.4:9100,16.49999999999953,26.479937846169264,3377.461500809518,3000.0753040400614
2026-02-20T20:42:33.564506,172.18.0.7:9100,16.120000000000786,26.50114032229769,5747.1290334726455,3184.720810271471
2026-02-20T20:42:33.564506,172.18.0.6:9100,16.176764647069533,26.50429813789128,20765.700301204815,18404.51807228916
2026-02-20T20:42:33.564506,172.18.0.2:9100,16.130000000000095,26.500939826069526,4505.704281034677,3031.0252645054406
2026-02-20T20:42:33.564506,172.18.0.3:9100,16.21000000000049,26.491967619859146,5293.648104220791,3107.8730373884555
2026-02-20T20:42:33.564506,172.18.0.4:9100,16.09000000000016,26.495025187338662,4497.533792687977,3009.5636130878424
2026-02-20T20:42:38.562448,172.18.0.7:9100,16.239999999999313,26.498533871331542,3969.500715415318,3068.039762030274
2026-02-20T20:42:38.562448,172.18.0.6:9100,16.273254650931506,26.49758151424776,19667.055722891568,18415.926204819276
2026-02-20T20:42:38.562448,172.18.0.2:9100,16.130000000000095,26.500939826069526,3868.8714689920675,2963.8202142956534
2026-02-20T20:42:38.562448,172.18.0.3:9100,16.229999999999563,26.500438585499108,3211.604352573515,2981.3999021047475
2026-02-20T20:42:38.562448,172.18.0.4:9100,16.299999999999713,26.498583995388593,3394.254301743288,3015.437328212658
2026-02-20T20:42:43.560066,172.18.0.7:9100,16.236752649471725,26.522844038996517,5148.268072289157,3129.6686746987953
2026-02-20T20:42:43.560066,172.18.0.6:9100,16.230000000000018,26.522944287110594,20751.68492789638,18398.057155766408
2026-02-20T20:42:43.560066,172.18.0.2:9100,16.3432686537286,26.516378035638198,3860.469431301605,2961.035346507097
2026-02-20T20:42:43.560066,172.18.0.3:9100,16.150000000000105,26.497431142076643,4678.715313076546,3039.722881132572
2026-02-20T20:42:43.560066,172.18.0.4:9100,16.176764647070442,26.5035964010927,4498.155120481928,3008.810240963855
2026-02-20T20:42:48.564722,172.18.0.7:9100,16.236752649471725,26.522844038996517,4146.642667866607,3194.1402929853502
2026-02-20T20:42:48.564722,172.18.0.6:9100,16.029999999997926,26.496077792536532,20876.92,19570.16
2026-02-20T20:42:48.564722,172.18.0.2:9100,16.190000000000964,26.518984486604346,3712.0950000000003,3172.0
2026-02-20T20:42:48.564722,172.18.0.3:9100,16.150000000000077,26.50429813789128,3448.0000000000005,3199.76
2026-02-20T20:42:48.564722,172.18.0.4:9100,16.050000000000168,26.49973684870054,3575.6169753209874,3186.992520299188
2026-02-20T20:42:53.581673,172.18.0.7:9100,16.153230646127014,26.51031302473622,3666.940053333333,2821.418575
2026-02-20T20:42:53.581673,172.18.0.6:9100,16.029999999997926,26.496077792536532,18809.958133333334,17148.746305
2026-02-20T20:42:53.581673,172.18.0.2:9100,16.070000000001528,26.509460915766525,3688.612171858593,2838.7867120439355
2026-02-20T20:42:53.581673,172.18.0.3:9100,15.990000000000236,26.47908573719957,4749.0,3185.8
2026-02-20T20:42:53.581673,172.18.0.4:9100,16.103220644128257,26.476479286233424,4734.16,3174.64
2026-02-20T20:42:58.585638,172.18.0.7:9100,33.66782553729577,26.48976216134934,3888.7846961740433,2979.182295573893
2026-02-20T20:42:58.585638,172.18.0.6:9100,33.7126600284512,26.486353725470536,21171.105692581823,19130.54487480071
2026-02-20T20:42:58.585638,172.18.0.2:9100,33.67040606730917,26.49291997694293,3825.7220555138783,2984.855588897224
2026-02-20T20:42:58.585638,172.18.0.3:9100,33.999683944374055,26.489260920778925,3225.5393497417203,3017.965663931936
2026-02-20T20:42:58.585638,172.18.0.4:9100,33.95227560050594,26.489260920778925,3374.8100881191135,3009.305682163477
2026-02-20T20:43:03.575889,172.18.0.7:9100,16.400000000001,26.519335355003637,3879.172918229557,2978.5258814703675
2026-02-20T20:43:03.575889,172.18.0.6:9100,16.336732653469483,26.516227663467085,21131.89234808702,19068.17329332333
2026-02-20T20:43:03.575889,172.18.0.2:9100,16.369999999999436,26.52239292248315,3870.692484410896,2989.544751277603
2026-02-20T20:43:03.575889,172.18.0.3:9100,15.723144628925581,26.51171649833337,4489.1556197060045,3015.4594142895126
2026-02-20T20:43:03.575889,172.18.0.4:9100,33.95227560050594,26.489260920778925,3886.627906976744,2970.2738184546133
2026-02-20T20:43:08.573121,172.18.0.7:9100,15.830000000000382,26.511165133705926,3883.1059220706143,2972.3824260327287
2026-02-20T20:43:08.573121,172.18.0.6:9100,15.959999999999582,26.516678779980452,21217.695048762187,19159.696174043507
2026-02-20T20:43:08.573121,172.18.0.2:9100,15.903180636126848,26.513721460615024,4476.868732907931,3019.712853236099
2026-02-20T20:43:08.573121,172.18.0.3:9100,15.723144628925581,26.51171649833337,3660.9462184085896,2949.03174379894
2026-02-20T20:43:08.573121,172.18.0.4:9100,15.900000000001015,26.52108969700008,3899.5639330426216,2972.476203873025
2026-02-20T20:43:13.583878,172.18.0.7:9100,15.759999999998414,26.4925189844866,3334.675428267558,2978.2732555931175
2026-02-20T20:43:13.583878,172.18.0.6:9100,15.769999999999513,26.49472444299642,21219.101650412602,19140.238184546135
2026-02-20T20:43:13.583878,172.18.0.2:9100,15.6899999999996,26.495576551966117,3344.234275296263,2995.366150106351
2026-02-20T20:43:13.583878,172.18.0.3:9100,16.016796640673235,26.494173078368966,3859.339834958739,2958.083270817704
2026-02-20T20:43:13.583878,172.18.0.4:9100,15.819999999999254,26.502343299666677,3881.7461433863177,2966.333755333615
2026-02-20T20:43:18.570874,172.18.0.7:9100,15.760000000000204,26.53813187639408,4528.79064114251,3054.694621695534
2026-02-20T20:43:18.570874,172.18.0.6:9100,15.673134626925886,26.535074308914563,21859.573821552018,19281.536065636035
2026-02-20T20:43:18.570874,172.18.0.2:9100,15.789999999999509,26.53738001553846,4488.035551504103,3019.371011850502
2026-02-20T20:43:18.570874,172.18.0.3:9100,15.639999999999418,26.52595173053307,3870.2644411102774,2962.9126031507876
2026-02-20T20:43:18.570874,172.18.0.4:9100,15.680000000000746,26.525901606476033,3875.375093773443,2968.2576894223553
2026-02-20T20:43:23.578920,172.18.0.7:9100,16.170000000000073,26.570261396957473,3549.6,3179.16
2026-02-20T20:43:23.578920,172.18.0.6:9100,16.24675064987005,26.570261396957473,20908.163673453062,19583.976640934365
2026-02-20T20:43:23.578920,172.18.0.2:9100,16.230000000000928,26.570261396957473,3547.1418856754267,3138.845553822153
2026-02-20T20:43:23.578920,172.18.0.3:9100,16.20999999999823,26.580135836194586,3653.891166666667,2792.078053333333
2026-02-20T20:43:23.578920,172.18.0.4:9100,16.140000000000327,26.576877772486906,3621.16466,2775.1621533333337
2026-02-20T20:43:28.585395,172.18.0.7:9100,16.23999999999978,26.565950728051924,4817.84,3261.2400000000002
2026-02-20T20:43:28.585395,172.18.0.6:9100,16.213242648529246,26.569208791759603,22106.44425777031,19619.02476099044
2026-02-20T20:43:28.585395,172.18.0.2:9100,16.186762647470587,26.561990927545676,4754.36,3187.48
2026-02-20T20:43:28.585395,172.18.0.3:9100,16.060000000000855,26.572717475752484,4171.591420428978,3191.0404479776007
2026-02-20T20:43:28.585395,172.18.0.4:9100,16.089999999998767,26.572617227638407,4125.6,3184.65
2026-02-20T20:43:33.565930,172.18.0.7:9100,36.55019835215199,26.573770080950354,3347.367628229268,3011.636664909242
2026-02-20T20:43:33.565930,172.18.0.6:9100,36.5141113653703,26.56745444976316,19638.09595541161,18409.618136627254
2026-02-20T20:43:33.565930,172.18.0.2:9100,36.57866625972777,26.573770080950354,3375.122392106651,3011.561346689765
2026-02-20T20:43:33.565930,172.18.0.3:9100,36.657003356728566,26.564447006340696,3882.852370789645,2968.497726640067
2026-02-20T20:43:33.565930,172.18.0.4:9100,36.70277693011917,26.56434675822661,3841.978287092883,2964.043796975039
2026-02-20T20:43:38.570421,172.18.0.7:9100,16.549999999998818,26.572366607353203,4534.081494313476,3084.8836333509084
2026-02-20T20:43:38.570421,172.18.0.6:9100,16.619999999999905,26.572366607353203,20815.65865782933,18494.61474730737
2026-02-20T20:43:38.570421,172.18.0.2:9100,16.43000000000076,26.572366607353203,4468.8182571364005,3001.4687052798067
2026-02-20T20:43:38.570421,172.18.0.3:9100,16.560000000000414,26.581639557905813,3862.809687297022,2962.0024125452355
2026-02-20T20:43:38.570421,172.18.0.4:9100,16.57999999999946,26.58464700132829,4450.741884461852,3000.3389319876483
2026-02-20T20:43:43.592007,172.18.0.7:9100,16.23999999999978,26.552367108593767,3185.9230247796936,2995.1419748437143
2026-02-20T20:43:43.592007,172.18.0.6:9100,16.13999999999895,26.549309541114262,19646.017699115044,18407.267934475618
2026-02-20T20:43:43.592007,172.18.0.2:9100,16.300000000000182,26.55226686047969,3370.9798900354003,3004.443774949161
2026-02-20T20:43:43.592007,172.18.0.3:9100,16.259999999999778,26.54945991328538,3363.146795209762,3002.071251035625
2026-02-20T20:43:43.592007,172.18.0.4:9100,16.130000000000564,26.54945991328538,3351.9620396173827,3006.4773668750468
2026-02-20T20:43:48.572183,172.18.0.7:9100,16.10000000000082,26.578581990426308,4509.829027641787,3061.233712435039
2026-02-20T20:43:48.572183,172.18.0.6:9100,16.170000000001423,26.57878248665447,20724.259998493635,18370.60329893802
2026-02-20T20:43:48.572183,172.18.0.2:9100,16.20675864827041,26.581539309791737,4482.508002259461,3004.4059499152704
2026-02-20T20:43:48.572183,172.18.0.3:9100,16.09999999999991,26.56419638605548,4487.647812005725,3011.297732921594
2026-02-20T20:43:48.572183,172.18.0.4:9100,16.100000000000833,26.56419638605548,4456.842660239513,3015.8921443097092
2026-02-20T20:43:53.578121,172.18.0.7:9100,16.540000000001314,26.572316483296156,3151.54025758831,2970.625894403857
2026-02-20T20:43:53.578121,172.18.0.6:9100,16.393278655730086,26.56610110022305,19575.958424342854,18335.956917978456
2026-02-20T20:43:53.578121,172.18.0.2:9100,16.44328865773022,26.566151224280087,3855.345911949686,3059.3153316009493
2026-02-20T20:43:53.578121,172.18.0.3:9100,16.44328865773157,26.563143780857622,3359.469739765752,3000.225963168004
2026-02-20T20:43:53.578121,172.18.0.4:9100,16.499999999999076,26.563093656800586,3376.7417338254118,3025.9471266099276
2026-02-20T20:43:58.572752,172.18.0.7:9100,15.976804639071759,26.565649983709683,4778.248870045199,3241.470341186353
2026-02-20T20:43:58.572752,172.18.0.6:9100,16.176764647071792,26.56083807423373,22031.96,19518.76
2026-02-20T20:43:58.572752,172.18.0.2:9100,16.130000000001914,26.54730457883261,5255.08,3237.32
2026-02-20T20:43:58.572752,172.18.0.3:9100,16.07678464307179,26.568456930903984,4742.32,3195.04
2026-02-20T20:43:58.572752,172.18.0.4:9100,16.130000000000564,26.568456930903984,4752.88,3218.04
2026-02-20T20:44:03.570742,172.18.0.7:9100,36.91553544494541,26.549710533570593,3138.710525327626,2959.4082084788406
2026-02-20T20:44:03.570742,172.18.0.6:9100,36.9250490122153,26.553820706247965,19474.7850249709,18210.54410273741
2026-02-20T20:44:03.570742,172.18.0.2:9100,36.85162846803291,26.552066364251527,3824.9849804746163,3041.6040853109043
2026-02-20T20:44:03.570742,172.18.0.3:9100,16.42999999999985,26.551715495852235,3574.6800000000003,3201.48
2026-02-20T20:44:03.570742,172.18.0.4:9100,16.330000000000382,26.551665371795195,3580.04,3219.08
2026-02-20T20:44:08.574280,172.18.0.7:9100,16.290000000000873,26.5459512292925,4665.91566219819,3057.26409072134
2026-02-20T20:44:08.574280,172.18.0.6:9100,16.143228645727632,26.54715420666148,20698.723244461133,18328.351483289523
2026-02-20T20:44:08.574280,172.18.0.2:9100,16.223244648930006,26.52815718904288,4938.3049829146485,3045.9614734707675
2026-02-20T20:44:08.574280,172.18.0.3:9100,36.76470588235369,26.54224204907145,4451.070221554638,3003.154337213669
2026-02-20T20:44:08.574280,172.18.0.4:9100,36.81749622926112,26.544196887296057,4468.944799098761,3032.9327825760415
2026-02-20T20:44:13.566979,172.18.0.7:9100,16.31000000000131,26.521189945114156,3157.5607374863885,2960.5722654049796
2026-02-20T20:44:13.566979,172.18.0.6:9100,16.430000000001186,26.532267361720262,19453.2857679309,18357.90461885092
2026-02-20T20:44:13.566979,172.18.0.2:9100,16.276744651070004,26.51893436254731,3846.081634185724,3059.442003679922
2026-02-20T20:44:13.566979,172.18.0.3:9100,16.36672665466851,26.5334202150322,3322.9694716683566,2986.3317186737263
2026-02-20T20:44:13.566979,172.18.0.4:9100,16.356728654268835,26.534372572115984,3364.049416094026,3019.1130637227293
2026-02-20T20:44:18.583473,172.18.0.7:9100,16.25999999999887,26.532918974461793,4659.419473545868,3045.0978183320194
2026-02-20T20:44:18.583473,172.18.0.6:9100,16.179999999999822,26.526803839502765,20777.064323532726,18404.340805827796
2026-02-20T20:44:18.583473,172.18.0.2:9100,16.339999999998767,26.515124934212174,4437.293481525983,2977.6584559927906
2026-02-20T20:44:18.583473,172.18.0.3:9100,16.109999999999232,26.523395403623972,4436.467407629919,2998.4980474617005
2026-02-20T20:44:18.583473,172.18.0.4:9100,16.109999999999218,26.523395403623972,4441.0649243363005,3011.039765686606
2026-02-20T20:44:23.570352,172.18.0.7:9100,16.11999999999989,26.545249492493927,3168.7194892977845,2955.726624108149
2026-02-20T20:44:23.570352,172.18.0.6:9100,16.166766646669856,26.54514924437984,19414.441815928807,18321.467462731405
2026-02-20T20:44:23.570352,172.18.0.2:9100,16.280000000000655,26.56254229217313,3343.8720336437364,2981.1504956443373
2026-02-20T20:44:23.570352,172.18.0.3:9100,16.260000000001128,26.546703090148117,3332.582328864857,2988.434531185461
2026-02-20T20:44:23.570352,172.18.0.4:9100,16.28000000000111,26.546703090148117,3655.1387480755516,3037.737974540949
2026-02-20T20:44:28.580080,172.18.0.7:9100,16.37672465506958,26.581489185734696,5324.987000519979,3286.4285428582857
2026-02-20T20:44:28.580080,172.18.0.6:9100,16.340000000000572,26.578431618255184,22646.240000000005,19634.760000000002
2026-02-20T20:44:28.580080,172.18.0.2:9100,16.280000000000655,26.56254229217313,4161.6,3179.05
2026-02-20T20:44:28.580080,172.18.0.3:9100,16.389999999998963,26.588556677777497,4454.845856332846,3008.1108482595473
2026-02-20T20:44:28.580080,172.18.0.4:9100,16.27999999999973,26.5802862083657,4754.94724193609,3050.054447823965
2026-02-20T20:44:33.602146,172.18.0.7:9100,16.783356671334445,26.583794892358593,3690.1200000000003,3181.0
2026-02-20T20:44:33.602146,172.18.0.6:9100,16.839999999999236,26.587002832009222,21128.114875404983,19457.86168553258
2026-02-20T20:44:33.602146,172.18.0.2:9100,16.360000000000568,26.58449662915716,4774.24,3188.76
2026-02-20T20:44:33.602146,172.18.0.3:9100,16.610000000000582,26.584045512643794,3919.0832366705336,3251.829926802928
2026-02-20T20:44:33.602146,172.18.0.4:9100,16.729999999999563,26.58710308012331,3880.884764609416,3244.2702291908327
2026-02-20T20:44:38.591862,172.18.0.7:9100,16.783356671334445,26.583794892358593,3984.8784300000007,2815.25049
2026-02-20T20:44:38.591862,172.18.0.6:9100,36.03245063523689,26.585950226811363,21441.584382301953,18416.06994799126
2026-02-20T20:44:38.591862,172.18.0.2:9100,16.729999999999563,26.590110523545775,3678.0990533333334,2808.248691666666
2026-02-20T20:44:38.591862,172.18.0.3:9100,36.177866217664636,26.58630109521065,4801.90705913391,3075.79240945238
2026-02-20T20:44:38.591862,172.18.0.4:9100,36.093678248889205,26.58630109521065,4816.869558662798,3073.7948969208155
2026-02-20T20:44:43.573759,172.18.0.7:9100,36.111111111110226,26.598280744843482,4253.088139686077,2997.538775889291
2026-02-20T20:44:43.573759,172.18.0.6:9100,36.03245063523689,26.585950226811363,20548.760100306492,18154.824928020804
2026-02-20T20:44:43.573759,172.18.0.2:9100,36.00397918579762,26.598180496729405,3891.93833008266,2972.2764001114515
2026-02-20T20:44:43.573759,172.18.0.3:9100,16.270000000000877,26.55903360818025,3691.4408472468244,3063.6942675159235
2026-02-20T20:44:43.573759,172.18.0.4:9100,16.34000000000107,26.55251748076489,3673.7647457882645,3032.1109561677918
2026-02-20T20:44:48.574768,172.18.0.7:9100,16.35327065413115,26.56650209267938,4242.650815028096,2995.123763525751
2026-02-20T20:44:48.574768,172.18.0.6:9100,16.47670465906866,26.56650209267938,21573.418779604344,18923.609176186492
2026-02-20T20:44:48.574768,172.18.0.2:9100,16.403280656130377,26.557028645898594,3888.8682487345004,2972.321552965216
2026-02-20T20:44:48.574768,172.18.0.3:9100,16.179999999998486,26.5547229392747,4813.515245166398,3059.586175705725
2026-02-20T20:44:48.574768,172.18.0.4:9100,16.140000000000768,26.55326934162051,4489.654392643124,3018.6183243508085
2026-02-20T20:44:53.597435,172.18.0.7:9100,15.989999999999796,26.562141299716803,3830.5313022478176,2931.450863830578
2026-02-20T20:44:53.597435,172.18.0.6:9100,15.953190638126955,26.56224154783088,20962.243997585098,18887.103515534298
2026-02-20T20:44:53.597435,172.18.0.2:9100,15.980000000000487,26.562141299716803,3870.338550132355,2975.340175544513
2026-02-20T20:44:53.597435,172.18.0.3:9100,16.179999999998486,26.589108042404952,3686.8051106169682,3041.9854520785443
2026-02-20T20:44:53.597435,172.18.0.4:9100,16.140000000000768,26.55326934162051,3890.8187433242,2970.092416291274
2026-02-20T20:44:58.575449,172.18.0.7:9100,16.146770645871385,26.579183479110803,3830.1755363611032,2930.807095755549
2026-02-20T20:44:58.575449,172.18.0.6:9100,16.120000000000772,26.588707049948624,21007.755538011425,18943.946500719823
2026-02-20T20:44:58.575449,172.18.0.2:9100,16.06999999999971,26.579083230996716,3693.679468722426,2979.194724376538
2026-02-20T20:44:58.575449,172.18.0.3:9100,16.01000000000022,26.589108042404952,3866.9484047740675,2958.8074118794407
2026-02-20T20:44:58.575449,172.18.0.4:9100,16.05999999999858,26.588907546176788,3880.973389680955,2934.6584312450655
2026-02-20T20:45:03.583432,172.18.0.7:9100,15.913182636528504,26.583343775845215,3557.3303388086065,2723.6236030551527
2026-02-20T20:45:03.583432,172.18.0.6:9100,15.973194638926188,26.5817398060199,19842.47936625998,17899.12007058686
2026-02-20T20:45:03.583432,172.18.0.2:9100,15.909999999999386,26.583343775845215,4502.883202050278,3038.668827497833
2026-02-20T20:45:03.583432,172.18.0.3:9100,16.090000000000586,26.579133355053763,4156.400000000001,3163.15
2026-02-20T20:45:03.583432,172.18.0.4:9100,16.070000000000604,26.579083230996716,3726.5914999999995,2866.5989333333337
2026-02-20T20:45:08.597940,172.18.0.7:9100,16.266746650668978,26.583193403674088,3324.84,3117.48
2026-02-20T20:45:08.597940,172.18.0.6:9100,16.16676664667213,26.580135836194586,21583.280000000002,20203.72
2026-02-20T20:45:08.597940,172.18.0.2:9100,16.38000000000102,26.58309315556001,3436.177447097884,3227.0090803632143
2026-02-20T20:45:08.597940,172.18.0.3:9100,16.19999999999844,26.576927896543946,3568.8,3166.56
2026-02-20T20:45:08.597940,172.18.0.4:9100,16.200000000000273,26.58449662915716,3531.28,3163.28
2026-02-20T20:45:13.584925,172.18.0.7:9100,36.90928430329811,26.582992907445924,4602.212023173576,2981.8674290873523
2026-02-20T20:45:13.584925,172.18.0.6:9100,36.926466119721326,26.579634595624167,20009.220646835325,18244.879992586415
2026-02-20T20:45:13.584925,172.18.0.2:9100,36.858097842600415,26.586100598982476,4518.057332029192,3058.611090211421
2026-02-20T20:45:13.584925,172.18.0.3:9100,16.759999999999764,26.581288689506533,3696.860136666667,2835.6138783333336
2026-02-20T20:45:13.584925,172.18.0.4:9100,16.860000000000127,26.57888273476855,3748.60154,2891.317971666667
2026-02-20T20:45:18.573311,172.18.0.7:9100,16.399999999998272,26.557780506754213,3134.1509292002106,2936.1974268301856
2026-02-20T20:45:18.573311,172.18.0.6:9100,16.40999999999893,26.570913009699005,19512.339176886617,18419.23105861109
2026-02-20T20:45:18.573311,172.18.0.2:9100,16.559999999999945,26.560938322347816,3236.626288465879,3039.575652697314
2026-02-20T20:45:18.573311,172.18.0.3:9100,36.56943178365343,26.574772562091177,3834.67704568622,2942.4520433694747
2026-02-20T20:45:18.573311,172.18.0.4:9100,36.54109068813597,26.57467231397709,3841.541954315897,2970.3933651484963
2026-02-20T20:45:23.580996,172.18.0.7:9100,16.35672865426976,26.558933360066163,4637.988112256414,3020.7283123918446
2026-02-20T20:45:23.580996,172.18.0.6:9100,16.430000000000305,26.558432119495755,20991.53562561132,18473.81686855767
2026-02-20T20:45:23.580996,172.18.0.2:9100,16.12000000000124,26.558883236009123,4653.035888947408,3051.8019712587466
2026-02-20T20:45:23.580996,172.18.0.3:9100,16.389999999999887,26.554572567103584,3833.7966824205355,2949.0779353164676
2026-02-20T20:45:23.580996,172.18.0.4:9100,16.443288657731586,26.55687827372748,3835.742748586785,2948.5682513205447
2026-02-20T20:45:28.582640,172.18.0.7:9100,16.393278655730995,26.567253953534998,3217.9670453690474,3010.947257542698
2026-02-20T20:45:28.582640,172.18.0.6:9100,16.31999999999971,26.563494649256914,19468.005868412147,18384.870029718244
2026-02-20T20:45:28.582640,172.18.0.2:9100,16.52999999999973,26.55056264254029,3209.4274320969075,3016.928748777368
2026-02-20T20:45:28.582640,172.18.0.3:9100,16.44000000000004,26.566602340793466,3344.029794597848,2951.9506996571217
2026-02-20T20:45:28.582640,172.18.0.4:9100,16.360000000000596,26.569960652615222,3144.195320141449,2951.7718757053644
2026-02-20T20:45:33.577729,172.18.0.7:9100,16.266746650669873,26.565599859652643,4652.057783462495,3032.9922503950042
2026-02-20T20:45:33.577729,172.18.0.6:9100,16.239999999998872,26.5675045738202,20927.657813558046,18402.904220901364
2026-02-20T20:45:33.577729,172.18.0.2:9100,16.10999999999966,26.569659908272982,4633.360920923933,3013.3925212549852
2026-02-20T20:45:33.577729,172.18.0.3:9100,16.1599999999994,26.573318964436975,4457.866225265217,3005.6429162591226
2026-02-20T20:45:33.577729,172.18.0.4:9100,16.05999999999858,26.56900829553144,4481.641712436987,3016.176359942819
2026-02-20T20:45:38.586687,172.18.0.7:9100,16.043208641727375,26.539334853763062,3408.32,3204.12
2026-02-20T20:45:38.586687,172.18.0.6:9100,16.110000000000582,26.552166612365603,20582.72,19419.84
2026-02-20T20:45:38.586687,172.18.0.2:9100,16.269999999999513,26.54159043632992,3392.52,3173.4
2026-02-20T20:45:38.586687,172.18.0.3:9100,16.259999999999764,26.544547755695348,3352.7575050786254,3002.106688736739
2026-02-20T20:45:38.586687,172.18.0.4:9100,16.260000000000204,26.5436455226686,3142.0886314047098,2936.6488601309156
2026-02-20T20:45:43.591154,172.18.0.7:9100,16.27000000000136,26.57437156963485,4938.08,3239.8400000000006
2026-02-20T20:45:43.591154,172.18.0.6:9100,16.190000000000964,26.571263878098293,22261.2,19603.800000000003
2026-02-20T20:45:43.591154,172.18.0.2:9100,16.05321064212903,26.57742913711436,4919.276771070842,3190.08760350414
2026-02-20T20:45:43.591154,172.18.0.3:9100,15.989999999999782,26.565299115310392,4735.04,3182.8
2026-02-20T20:45:43.591154,172.18.0.4:9100,16.080000000000837,26.568456930903984,4776.031041241649,3201.8480739229567
2026-02-20T20:45:48.575859,172.18.0.7:9100,36.33663366336691,26.59201523771334,3184.535461526879,2997.289564824575
2026-02-20T20:45:48.575859,172.18.0.6:9100,36.32901751713605,26.59201523771334,19449.764728025602,18352.870318087706
2026-02-20T20:45:48.575859,172.18.0.2:9100,36.37471439451604,26.576627152201702,3187.2458967023044,2969.9969884053608
2026-02-20T20:45:48.575859,172.18.0.3:9100,36.464046313224465,26.589108042404952,3357.4386387592235,2996.3860864327667
2026-02-20T20:45:48.575859,172.18.0.4:9100,36.4584920030459,26.589057918347912,3155.2418595896866,2946.132128740824
2026-02-20T20:45:53.573038,172.18.0.7:9100,16.24999999999818,26.60870654870805,4612.949369471108,3025.145868624129
2026-02-20T20:45:53.573038,172.18.0.6:9100,16.34326865373042,26.605598857171497,20970.448727601266,18464.801987652463
2026-02-20T20:45:53.573038,172.18.0.2:9100,16.286742651469694,26.608606300593973,4644.419348767175,3003.3879164313944
2026-02-20T20:45:53.573038,172.18.0.3:9100,16.186762647469692,26.60579935339966,4465.198569546396,2990.1373988330515
2026-02-20T20:45:53.573038,172.18.0.4:9100,16.173234646929885,26.60579935339966,4649.939768107213,3020.4035536816746
2026-02-20T20:45:58.583933,172.18.0.7:9100,16.340000000001055,26.61041076664745,3174.2583948200577,3002.4469206444815
2026-02-20T20:45:58.583933,172.18.0.6:9100,16.336732653469923,26.611312999674197,19471.597967250138,18387.878787878784
2026-02-20T20:45:58.583933,172.18.0.2:9100,16.383276655332054,26.578080749855893,3218.5288360186723,2998.4565577473277
2026-02-20T20:45:58.583933,172.18.0.3:9100,16.47329465893111,26.60840580436581,3364.0265020328266,2993.449781659389
2026-02-20T20:45:58.583933,172.18.0.4:9100,16.479999999999123,26.61151349590236,3161.195603071827,2948.614666465894
2026-02-20T20:46:03.576930,172.18.0.7:9100,16.320000000001073,26.601338312322998,4628.15734989648,3039.4880481837
2026-02-20T20:46:03.576930,172.18.0.6:9100,16.269999999999513,26.604496127916587,21011.029550159983,18484.020327498583
2026-02-20T20:46:03.576930,172.18.0.2:9100,16.226754649068866,26.58068720082204,4642.725390551477,3010.9919066440802
2026-02-20T20:46:03.576930,172.18.0.3:9100,16.16000000000031,26.604947244429965,4461.564523415149,2983.77503388044
2026-02-20T20:46:03.576930,172.18.0.4:9100,16.16676664667166,26.604947244429965,4653.265575004705,3023.489553924336
2026-02-20T20:46:08.585205,172.18.0.7:9100,15.959999999999127,26.59341871131049,3190.9655561829472,3004.1407867494822
2026-02-20T20:46:08.585205,172.18.0.6:9100,16.039999999999978,26.59351895942458,19432.29813664596,18321.927348014302
2026-02-20T20:46:08.585205,172.18.0.2:9100,16.080000000000382,26.59978446655472,3207.0691861778214,2994.428969359331
2026-02-20T20:46:08.585205,172.18.0.3:9100,15.990000000000236,26.59487230896469,3375.847010992321,3007.9807257943085
2026-02-20T20:46:08.585205,172.18.0.4:9100,16.0600000000004,26.59487230896469,3149.934123847167,2944.4381705251267
2026-02-20T20:46:13.593708,172.18.0.7:9100,16.109999999999687,26.60695220671161,4908.96,3210.4
2026-02-20T20:46:13.593708,172.18.0.6:9100,16.033206641328903,26.614520939324827,22302.21208848354,19627.785111404453
2026-02-20T20:46:13.593708,172.18.0.2:9100,16.023204640928597,26.601839552893413,4956.28,3205.7200000000003
2026-02-20T20:46:13.593708,172.18.0.3:9100,16.12000000000033,26.611864364301653,4763.400000000001,3197.6800000000003
2026-02-20T20:46:13.593708,172.18.0.4:9100,16.049999999999258,26.611864364301653,4962.8,3227.48
2026-02-20T20:46:18.591894,172.18.0.7:9100,36.22316943218149,26.58204055036215,3179.4572622228916,2985.9610824645265
2026-02-20T20:46:18.591894,172.18.0.6:9100,36.248097412480305,26.58850655372046,19466.390666164847,18353.519006398194
2026-02-20T20:46:18.591894,172.18.0.2:9100,16.023204640928597,26.601839552893413,3634.1230967798388,2766.8766517492545
2026-02-20T20:46:18.591894,172.18.0.3:9100,16.306738652269516,26.59171449337109,3539.2400000000002,3170.16
2026-02-20T20:46:18.591894,172.18.0.4:9100,16.239999999999327,26.59031101977394,3367.3453061877526,3146.834126634935
2026-02-20T20:46:23.573802,172.18.0.7:9100,16.396720655868478,26.61256610110022,4620.3613097478365,3008.2423786225067
2026-02-20T20:46:23.573802,172.18.0.6:9100,16.360000000001023,26.60950853362071,20936.881327863306,18412.661372275965
2026-02-20T20:46:23.573802,172.18.0.2:9100,36.30898021308941,26.603744267060982,3858.3681038479367,2944.3208159480755
2026-02-20T20:46:23.573802,172.18.0.3:9100,36.314507535393815,26.604245507631386,4470.455400828002,3009.9736544975535
2026-02-20T20:46:23.573802,172.18.0.4:9100,36.31450753539415,26.605398360943333,4660.293564170117,3032.4802408731653
2026-02-20T20:46:28.580048,172.18.0.7:9100,16.396720655868478,26.61256610110022,3827.2600834492346,2935.6513676402406
2026-02-20T20:46:28.580048,172.18.0.6:9100,16.360000000001023,26.60950853362071,19459.181753170993,18363.619255523357
2026-02-20T20:46:28.580048,172.18.0.2:9100,16.329999999999927,26.612916969499512,3858.5006258982803,2943.9936946543653
2026-02-20T20:46:28.580048,172.18.0.3:9100,16.089999999999236,26.58955915891832,3332.5178773052317,2987.8810688746707
2026-02-20T20:46:28.580048,172.18.0.4:9100,16.120000000000346,26.588356181549333,3162.33204110053,2954.721668109451
2026-02-20T20:46:33.596980,172.18.0.7:9100,16.273254650930596,26.597579008044914,3849.2744216236265,2946.49728777412
2026-02-20T20:46:33.596980,172.18.0.6:9100,16.149999999999636,26.597779504273078,19942.973712272244,18162.687189948538
2026-02-20T20:46:33.596980,172.18.0.2:9100,16.32000000000015,26.625548231873886,3850.8971208679122,2937.502897677222
2026-02-20T20:46:33.596980,172.18.0.3:9100,16.3100000000004,26.615924412921988,4467.896123447497,2999.69890854347
2026-02-20T20:46:33.596980,172.18.0.4:9100,16.329999999999927,26.6158241648079,4665.851179946555,3038.277692047123
2026-02-20T20:46:38.595696,172.18.0.7:9100,16.169999999998254,26.61868123605925,3849.274421623626,2947.37818164959
2026-02-20T20:46:38.595696,172.18.0.6:9100,16.30999999999952,26.618781484173326,20823.968474733425,18806.53685674548
2026-02-20T20:46:38.595696,172.18.0.2:9100,16.039999999999964,26.620184957770487,3822.34585071859,2933.194251274919
2026-02-20T20:46:38.595696,172.18.0.3:9100,16.159999999999854,26.61577404075086,3317.425668046669,2969.589762890478
2026-02-20T20:46:38.595696,172.18.0.4:9100,16.140000000000327,26.613769078469208,3151.75580563815,2947.796303963266
2026-02-20T20:46:43.587889,172.18.0.7:9100,16.200000000000728,26.62579885215909,3680.5425799999994,2821.292488333334
2026-02-20T20:46:43.587889,172.18.0.6:9100,16.169999999999604,26.619934337485272,20039.522579999997,18106.264248333337
2026-02-20T20:46:43.587889,172.18.0.2:9100,16.310000000000386,26.632365103631482,3587.4249216666667,2760.0978800000003
2026-02-20T20:46:43.587889,172.18.0.3:9100,16.159999999999854,26.61577404075086,3855.857944271872,2957.4852797997128
2026-02-20T20:46:43.587889,172.18.0.4:9100,16.140000000000327,26.613769078469208,3853.8643423431777,2945.662756734202
2026-02-20T20:46:48.599687,172.18.0.7:9100,16.50669866026908,26.584396381043085,4901.123955041799,3185.592576296948
2026-02-20T20:46:48.599687,172.18.0.6:9100,16.550000000000182,26.585599358412072,23106.48,20229.760000000002
2026-02-20T20:46:48.599687,172.18.0.2:9100,16.42999999999985,26.58494774567054,4878.16,3190.16
2026-02-20T20:46:48.599687,172.18.0.3:9100,16.680000000000277,26.58138893762061,4127.05,3163.4500000000003
2026-02-20T20:46:48.599687,172.18.0.4:9100,16.629999999999214,26.58630109521065,4956.55,3264.65
2026-02-20T20:46:53.580376,172.18.0.7:9100,15.86999999999989,26.56930903987369,4122.743862806859,3166.091695415229
2026-02-20T20:46:53.580376,172.18.0.6:9100,15.84000000000016,26.565549735595596,22505.0,20352.5
2026-02-20T20:46:53.580376,172.18.0.2:9100,15.92999999999985,26.56925891581665,3363.8,3174.08
2026-02-20T20:46:53.580376,172.18.0.3:9100,15.88000000000011,26.563745269542117,3643.3371433333336,2788.5421666666666
2026-02-20T20:46:53.580376,172.18.0.4:9100,15.930000000000305,26.563695145485077,4390.346771666667,2891.9507849999995
2026-02-20T20:46:58.591276,172.18.0.7:9100,36.02404138770565,26.588957670233825,3820.052843832568,2938.25615352524
2026-02-20T20:46:58.591276,172.18.0.6:9100,35.99360925136902,26.58274228716072,20012.052660856665,18273.270906730948
2026-02-20T20:46:58.591276,172.18.0.2:9100,35.902312842361866,26.598330868900533,4623.362938431432,3027.510161071805
2026-02-20T20:46:58.591276,172.18.0.3:9100,35.988133272477924,26.576677276258742,3831.4096324108837,2935.3821907013394
2026-02-20T20:46:58.591276,172.18.0.4:9100,35.963177115033076,26.576627152201702,4574.77285369924,3013.489708881884
2026-02-20T20:47:03.592614,172.18.0.7:9100,15.849999999999014,26.627753690383706,3174.237007488805,2975.91540285252
2026-02-20T20:47:03.592614,172.18.0.6:9100,15.9600000000014,26.6271522016992,19508.580460635254,18434.404636459432
2026-02-20T20:47:03.592614,172.18.0.2:9100,16.10999999999966,26.62850555123931,3181.7702845100107,3013.171759747102
2026-02-20T20:47:03.592614,172.18.0.3:9100,15.84316863372733,26.627352697927375,3641.0161320229927,2922.816614129427
2026-02-20T20:47:03.592614,172.18.0.4:9100,15.940000000000524,26.627252449813287,5332.328944928611,3095.262377155572
2026-02-20T20:47:08.577119,172.18.0.7:9100,16.56999999999971,26.6240946342197,4623.71580175366,3011.5907123772254
2026-02-20T20:47:08.577119,172.18.0.6:9100,16.56999999999924,26.621037066740183,21071.503838627126,18556.63856691254
2026-02-20T20:47:08.577119,172.18.0.2:9100,16.480000000000473,26.6240946342197,4647.787144362487,3035.7519193135636
2026-02-20T20:47:08.577119,172.18.0.3:9100,16.590000000000614,26.62329264930704,5296.727239013536,3164.982384572594
2026-02-20T20:47:08.577119,172.18.0.4:9100,16.596680663865342,26.622791408736624,4581.5602836879425,3032.633384322996
2026-02-20T20:47:13.592248,172.18.0.7:9100,15.820000000000618,26.63396907345681,3194.565708264339,2995.973204877315
2026-02-20T20:47:13.592248,172.18.0.6:9100,15.759999999999764,26.63146287060475,19512.343820563,18427.743489387325
2026-02-20T20:47:13.592248,172.18.0.2:9100,15.799999999999287,26.63386882534272,3180.377841336746,2970.231822971549
2026-02-20T20:47:13.592248,172.18.0.3:9100,15.809999999999022,26.64354276835167,5094.520674949007,3148.8503615798254
2026-02-20T20:47:13.592248,172.18.0.4:9100,15.753150630127365,26.643442520237592,3749.698931205781,3020.811380400422
2026-02-20T20:47:18.605032,172.18.0.7:9100,16.683336667334174,26.534021703716704,5804.937714049151,3185.502991983741
2026-02-20T20:47:18.605032,172.18.0.6:9100,16.6899999999996,26.53412195183078,21063.713683576698,18528.90260424507
2026-02-20T20:47:18.605032,172.18.0.2:9100,16.66000000000166,26.535725921656095,4659.227758542827,3037.6712328767126
2026-02-20T20:47:18.605032,172.18.0.3:9100,16.480000000000487,26.534723440515272,6283.983140147523,3279.5800090320636
2026-02-20T20:47:18.605032,172.18.0.4:9100,16.580000000000368,26.537881256108864,5267.048020472678,3117.755532139094
2026-02-20T20:47:23.599894,172.18.0.7:9100,15.906818636271723,26.546101601463622,4647.4800000000005,3361.92
2026-02-20T20:47:23.599894,172.18.0.6:9100,15.906818636273528,26.546101601463622,20705.77176912924,19508.019679212834
2026-02-20T20:47:23.599894,172.18.0.2:9100,15.86682663467208,26.546101601463622,3373.3450661973525,3157.19371225151
2026-02-20T20:47:23.599894,172.18.0.3:9100,16.106778644270378,26.552617728878978,5246.92,3411.84
2026-02-20T20:47:23.599894,172.18.0.4:9100,16.046790641871354,26.54660284203404,4003.359865605376,3231.8307267709292
2026-02-20T20:47:28.577796,172.18.0.7:9100,36.07556368068315,26.55818149921054,6410.066255082067,3258.0936605932843
2026-02-20T20:47:28.577796,172.18.0.6:9100,36.121267519805244,26.559534848750655,21014.90683229814,18463.316393751174
2026-02-20T20:47:28.577796,172.18.0.2:9100,36.06794637416152,26.563394401142826,4653.152644456994,3011.2554112554108
2026-02-20T20:47:28.577796,172.18.0.3:9100,15.970000000000255,26.556727901556354,6836.086556537739,3494.4202231910726
2026-02-20T20:47:28.577796,172.18.0.4:9100,15.970000000000724,26.554923435502875,4948.36206551738,3246.2701491940325
2026-02-20T20:47:33.588755,172.18.0.7:9100,15.959999999999113,26.559083732237287,4976.283692215028,3228.6553229935253
2026-02-20T20:47:33.588755,172.18.0.6:9100,15.90999999999893,26.559183980351374,19493.130058347448,18378.769057029924
2026-02-20T20:47:33.588755,172.18.0.2:9100,16.070000000000178,26.52414726447959,3161.678900809335,2958.930924148315
2026-02-20T20:47:33.588755,172.18.0.3:9100,36.02224253503978,26.56108869451893,3752.6821005081883,3027.7809147374373
2026-02-20T20:47:33.588755,172.18.0.4:9100,36.014625228518845,26.56108869451893,3168.046980876374,2976.5848516789642
2026-02-20T20:47:38.595385,172.18.0.7:9100,16.080000000000823,26.547404826946696,6425.3877428098185,3256.4749284746276
2026-02-20T20:47:38.595385,172.18.0.6:9100,16.060000000001764,26.544247011353093,20970.336909467347,18420.36514210427
2026-02-20T20:47:38.595385,172.18.0.2:9100,15.999999999999986,26.531014260294228,4676.64219838133,3051.2328251458684
2026-02-20T20:47:38.595385,172.18.0.3:9100,16.15000000000009,26.535274805142727,5260.4554865424425,3113.0434782608704
2026-02-20T20:47:38.595385,172.18.0.4:9100,16.09999999999991,26.54159043632992,4668.021833239224,3054.733672124977
2026-02-20T20:47:43.585189,172.18.0.7:9100,15.809999999999036,26.54690358637628,3864.5586297760206,3103.5949557688696
2026-02-20T20:47:43.585189,172.18.0.6:9100,15.789999999999495,26.54690358637628,19445.887445887445,18320.421607378128
2026-02-20T20:47:43.585189,172.18.0.2:9100,15.799999999999727,26.553219217563473,3156.070016939582,2953.2091097308494
2026-02-20T20:47:43.585189,172.18.0.3:9100,15.860000000000127,26.553419713791637,3177.677395068699,2965.066817240731
2026-02-20T20:47:43.585189,172.18.0.4:9100,15.870000000000346,26.547204330718532,3197.101449275362,2979.82307547525
